data_mes,municipio,categoria_macro,quantidade
2025-01-01,AFONSO CLAUDIO,objetos,5
2025-01-01,AFONSO CLAUDIO,patrimonial,10
2025-01-01,AFONSO CLAUDIO,violencia_social,12
2025-01-01,AGUA DOCE DO NORTE,patrimonial,1
2025-01-01,AGUA DOCE DO NORTE,violencia_social,2
2025-01-01,AGUIA BRANCA,digital,1
2025-01-01,AGUIA BRANCA,patrimonial,2
2025-01-01,AGUIA BRANCA,violencia_social,1
2025-01-01,ALEGRE,objetos,1
2025-01-01,ALEGRE,patrimonial,11
2025-01-01,ALEGRE,violencia_social,26
2025-01-01,ALFREDO CHAVES,digital,2
2025-01-01,ALFREDO CHAVES,patrimonial,4
2025-01-01,ALFREDO CHAVES,violencia_social,6
2025-01-01,ALTO RIO NOVO,patrimonial,2
2025-01-01,ALTO RIO NOVO,violencia_social,1
2025-01-01,ANCHIETA,digital,3
2025-01-01,ANCHIETA,objetos,2
2025-01-01,ANCHIETA,patrimonial,20
2025-01-01,ANCHIETA,violencia_social,25
2025-01-01,APIACA,objetos,1
2025-01-01,APIACA,patrimonial,2
2025-01-01,APIACA,violencia_social,1
2025-01-01,ARACRUZ,digital,6
2025-01-01,ARACRUZ,objetos,37
2025-01-01,ARACRUZ,patrimonial,70
2025-01-01,ARACRUZ,violencia_social,59
2025-01-01,ATILIO VIVACQUA,patrimonial,6
2025-01-01,BAIXO GUANDU,objetos,1
2025-01-01,BAIXO GUANDU,patrimonial,25
2025-01-01,BAIXO GUANDU,violencia_social,22
2025-01-01,BARRA DE SAO FRANCISCO,objetos,3
2025-01-01,BARRA DE SAO FRANCISCO,patrimonial,21
2025-01-01,BARRA DE SAO FRANCISCO,violencia_social,25
2025-01-01,BOA ESPERANCA,objetos,3
2025-01-01,BOA ESPERANCA,patrimonial,3
2025-01-01,BOA ESPERANCA,violencia_social,15
2025-01-01,BOM JESUS DO NORTE,patrimonial,2
2025-01-01,BOM JESUS DO NORTE,violencia_social,9
2025-01-01,BREJETUBA,patrimonial,4
2025-01-01,BREJETUBA,violencia_social,6
2025-01-01,CACHOEIRO DE ITAPEMIRIM,digital,2
2025-01-01,CACHOEIRO DE ITAPEMIRIM,objetos,30
2025-01-01,CACHOEIRO DE ITAPEMIRIM,patrimonial,178
2025-01-01,CACHOEIRO DE ITAPEMIRIM,violencia_social,111
2025-01-01,CARIACICA,digital,56
2025-01-01,CARIACICA,objetos,327
2025-01-01,CARIACICA,patrimonial,561
2025-01-01,CARIACICA,violencia_social,151
2025-01-01,CASTELO,digital,5
2025-01-01,CASTELO,objetos,7
2025-01-01,CASTELO,patrimonial,23
2025-01-01,CASTELO,violencia_social,10
2025-01-01,COLATINA,digital,14
2025-01-01,COLATINA,objetos,24
2025-01-01,COLATINA,patrimonial,131
2025-01-01,COLATINA,violencia_social,125
2025-01-01,CONCEICAO DA BARRA,digital,5
2025-01-01,CONCEICAO DA BARRA,objetos,9
2025-01-01,CONCEICAO DA BARRA,patrimonial,25
2025-01-01,CONCEICAO DA BARRA,violencia_social,12
2025-01-01,CONCEICAO DO CASTELO,objetos,2
2025-01-01,CONCEICAO DO CASTELO,patrimonial,10
2025-01-01,CONCEICAO DO CASTELO,violencia_social,5
2025-01-01,DIVINO DE SAO LOURENCO,violencia_social,3
2025-01-01,DOMINGOS MARTINS,objetos,1
2025-01-01,DOMINGOS MARTINS,patrimonial,7
2025-01-01,DOMINGOS MARTINS,violencia_social,9
2025-01-01,DORES DO RIO PRETO,patrimonial,2
2025-01-01,DORES DO RIO PRETO,violencia_social,2
2025-01-01,ECOPORANGA,patrimonial,3
2025-01-01,ECOPORANGA,violencia_social,10
2025-01-01,FUNDAO,objetos,3
2025-01-01,FUNDAO,patrimonial,20
2025-01-01,FUNDAO,violencia_social,9
2025-01-01,GOVERNADOR LINDENBERG,digital,1
2025-01-01,GOVERNADOR LINDENBERG,objetos,4
2025-01-01,GOVERNADOR LINDENBERG,patrimonial,6
2025-01-01,GOVERNADOR LINDENBERG,violencia_social,4
2025-01-01,GUACUI,objetos,4
2025-01-01,GUACUI,patrimonial,21
2025-01-01,GUACUI,violencia_social,7
2025-01-01,GUARAPARI,digital,2
2025-01-01,GUARAPARI,objetos,53
2025-01-01,GUARAPARI,patrimonial,197
2025-01-01,GUARAPARI,violencia_social,47
2025-01-01,IBATIBA,objetos,2
2025-01-01,IBATIBA,patrimonial,11
2025-01-01,IBATIBA,violencia_social,12
2025-01-01,IBIRACU,objetos,1
2025-01-01,IBIRACU,patrimonial,5
2025-01-01,IBIRACU,violencia_social,5
2025-01-01,IBITIRAMA,patrimonial,2
2025-01-01,IBITIRAMA,violencia_social,1
2025-01-01,ICONHA,digital,1
2025-01-01,ICONHA,objetos,1
2025-01-01,ICONHA,patrimonial,7
2025-01-01,IRUPI,objetos,5
2025-01-01,IRUPI,patrimonial,2
2025-01-01,IRUPI,violencia_social,5
2025-01-01,ITAGUACU,objetos,2
2025-01-01,ITAGUACU,patrimonial,4
2025-01-01,ITAGUACU,violencia_social,3
2025-01-01,ITAPEMIRIM,objetos,32
2025-01-01,ITAPEMIRIM,patrimonial,75
2025-01-01,ITAPEMIRIM,violencia_social,38
2025-01-01,ITARANA,patrimonial,2
2025-01-01,ITARANA,violencia_social,4
2025-01-01,IUNA,objetos,1
2025-01-01,IUNA,patrimonial,18
2025-01-01,IUNA,violencia_social,15
2025-01-01,JAGUARE,objetos,1
2025-01-01,JAGUARE,patrimonial,10
2025-01-01,JAGUARE,violencia_social,13
2025-01-01,JERONIMO MONTEIRO,patrimonial,9
2025-01-01,JERONIMO MONTEIRO,violencia_social,8
2025-01-01,JOAO NEIVA,objetos,3
2025-01-01,JOAO NEIVA,patrimonial,8
2025-01-01,JOAO NEIVA,violencia_social,12
2025-01-01,LARANJA DA TERRA,objetos,1
2025-01-01,LARANJA DA TERRA,patrimonial,3
2025-01-01,LARANJA DA TERRA,violencia_social,3
2025-01-01,LINHARES,digital,1
2025-01-01,LINHARES,objetos,65
2025-01-01,LINHARES,patrimonial,148
2025-01-01,LINHARES,violencia_social,55
2025-01-01,MANTENOPOLIS,digital,6
2025-01-01,MANTENOPOLIS,objetos,3
2025-01-01,MANTENOPOLIS,patrimonial,4
2025-01-01,MANTENOPOLIS,violencia_social,6
2025-01-01,MARATAIZES,objetos,18
2025-01-01,MARATAIZES,patrimonial,74
2025-01-01,MARATAIZES,violencia_social,41
2025-01-01,MARECHAL FLORIANO,objetos,5
2025-01-01,MARECHAL FLORIANO,patrimonial,11
2025-01-01,MARECHAL FLORIANO,violencia_social,6
2025-01-01,MARILANDIA,objetos,1
2025-01-01,MARILANDIA,patrimonial,11
2025-01-01,MARILANDIA,violencia_social,3
2025-01-01,MIMOSO DO SUL,objetos,3
2025-01-01,MIMOSO DO SUL,patrimonial,17
2025-01-01,MIMOSO DO SUL,violencia_social,3
2025-01-01,MONTANHA,objetos,5
2025-01-01,MONTANHA,patrimonial,11
2025-01-01,MONTANHA,violencia_social,6
2025-01-01,MUCURICI,patrimonial,6
2025-01-01,MUNIZ FREIRE,patrimonial,3
2025-01-01,MUNIZ FREIRE,violencia_social,11
2025-01-01,MUQUI,patrimonial,5
2025-01-01,MUQUI,violencia_social,6
2025-01-01,NOVA VENECIA,digital,1
2025-01-01,NOVA VENECIA,objetos,9
2025-01-01,NOVA VENECIA,patrimonial,41
2025-01-01,NOVA VENECIA,violencia_social,27
2025-01-01,PANCAS,digital,1
2025-01-01,PANCAS,objetos,1
2025-01-01,PANCAS,patrimonial,11
2025-01-01,PANCAS,violencia_social,3
2025-01-01,PEDRO CANARIO,objetos,2
2025-01-01,PEDRO CANARIO,patrimonial,11
2025-01-01,PEDRO CANARIO,violencia_social,11
2025-01-01,PINHEIROS,digital,1
2025-01-01,PINHEIROS,objetos,6
2025-01-01,PINHEIROS,patrimonial,6
2025-01-01,PINHEIROS,violencia_social,12
2025-01-01,PIUMA,objetos,12
2025-01-01,PIUMA,patrimonial,44
2025-01-01,PIUMA,violencia_social,16
2025-01-01,PONTO BELO,patrimonial,1
2025-01-01,PONTO BELO,violencia_social,4
2025-01-01,PRESIDENTE KENNEDY,patrimonial,5
2025-01-01,PRESIDENTE KENNEDY,violencia_social,11
2025-01-01,RIO BANANAL,objetos,1
2025-01-01,RIO BANANAL,patrimonial,2
2025-01-01,RIO BANANAL,violencia_social,6
2025-01-01,RIO NOVO DO SUL,objetos,2
2025-01-01,RIO NOVO DO SUL,patrimonial,6
2025-01-01,RIO NOVO DO SUL,violencia_social,4
2025-01-01,SANTA LEOPOLDINA,objetos,1
2025-01-01,SANTA LEOPOLDINA,patrimonial,2
2025-01-01,SANTA LEOPOLDINA,violencia_social,5
2025-01-01,SANTA MARIA DE JETIBA,objetos,9
2025-01-01,SANTA MARIA DE JETIBA,patrimonial,18
2025-01-01,SANTA MARIA DE JETIBA,violencia_social,20
2025-01-01,SANTA TERESA,digital,4
2025-01-01,SANTA TERESA,patrimonial,17
2025-01-01,SANTA TERESA,violencia_social,12
2025-01-01,SAO DOMINGOS DO NORTE,patrimonial,3
2025-01-01,SAO DOMINGOS DO NORTE,violencia_social,3
2025-01-01,SAO GABRIEL DA PALHA,digital,1
2025-01-01,SAO GABRIEL DA PALHA,objetos,6
2025-01-01,SAO GABRIEL DA PALHA,patrimonial,21
2025-01-01,SAO GABRIEL DA PALHA,violencia_social,33
2025-01-01,SAO JOSE DO CALCADO,patrimonial,8
2025-01-01,SAO JOSE DO CALCADO,violencia_social,7
2025-01-01,SAO MATEUS,objetos,23
2025-01-01,SAO MATEUS,patrimonial,42
2025-01-01,SAO MATEUS,violencia_social,63
2025-01-01,SAO ROQUE DO CANAA,objetos,1
2025-01-01,SAO ROQUE DO CANAA,patrimonial,3
2025-01-01,SAO ROQUE DO CANAA,violencia_social,5
2025-01-01,SERRA,digital,51
2025-01-01,SERRA,objetos,359
2025-01-01,SERRA,patrimonial,862
2025-01-01,SERRA,violencia_social,244
2025-01-01,SOORETAMA,objetos,3
2025-01-01,SOORETAMA,patrimonial,5
2025-01-01,SOORETAMA,violencia_social,10
2025-01-01,VARGEM ALTA,digital,2
2025-01-01,VARGEM ALTA,patrimonial,8
2025-01-01,VARGEM ALTA,violencia_social,8
2025-01-01,VENDA NOVA DO IMIGRANTE,objetos,2
2025-01-01,VENDA NOVA DO IMIGRANTE,patrimonial,28
2025-01-01,VENDA NOVA DO IMIGRANTE,violencia_social,11
2025-01-01,VIANA,digital,2
2025-01-01,VIANA,objetos,17
2025-01-01,VIANA,patrimonial,88
2025-01-01,VIANA,violencia_social,30
2025-01-01,VILA PAVAO,objetos,1
2025-01-01,VILA PAVAO,patrimonial,3
2025-01-01,VILA PAVAO,violencia_social,3
2025-01-01,VILA VALERIO,objetos,1
2025-01-01,VILA VALERIO,patrimonial,9
2025-01-01,VILA VALERIO,violencia_social,1
2025-01-01,VILA VELHA,digital,16
2025-01-01,VILA VELHA,objetos,418
2025-01-01,VILA VELHA,patrimonial,1041
2025-01-01,VILA VELHA,violencia_social,209
2025-01-01,VITORIA,digital,46
2025-01-01,VITORIA,objetos,357
2025-01-01,VITORIA,patrimonial,938
2025-01-01,VITORIA,violencia_social,105
2025-02-01,AFONSO CLAUDIO,patrimonial,9
2025-02-01,AFONSO CLAUDIO,violencia_social,12
2025-02-01,AGUA DOCE DO NORTE,violencia_social,3
2025-02-01,AGUIA BRANCA,patrimonial,1
2025-02-01,AGUIA BRANCA,violencia_social,4
2025-02-01,ALEGRE,objetos,3
2025-02-01,ALEGRE,patrimonial,24
2025-02-01,ALEGRE,violencia_social,18
2025-02-01,ALFREDO CHAVES,digital,3
2025-02-01,ALFREDO CHAVES,patrimonial,3
2025-02-01,ALFREDO CHAVES,violencia_social,6
2025-02-01,ALTO RIO NOVO,objetos,1
2025-02-01,ALTO RIO NOVO,patrimonial,5
2025-02-01,ALTO RIO NOVO,violencia_social,5
2025-02-01,ANCHIETA,digital,5
2025-02-01,ANCHIETA,objetos,1
2025-02-01,ANCHIETA,patrimonial,20
2025-02-01,ANCHIETA,violencia_social,18
2025-02-01,APIACA,patrimonial,4
2025-02-01,APIACA,violencia_social,1
2025-02-01,ARACRUZ,digital,1
2025-02-01,ARACRUZ,objetos,14
2025-02-01,ARACRUZ,patrimonial,57
2025-02-01,ARACRUZ,violencia_social,46
2025-02-01,ATILIO VIVACQUA,patrimonial,4
2025-02-01,ATILIO VIVACQUA,violencia_social,5
2025-02-01,BAIXO GUANDU,objetos,10
2025-02-01,BAIXO GUANDU,patrimonial,17
2025-02-01,BAIXO GUANDU,violencia_social,10
2025-02-01,BARRA DE SAO FRANCISCO,digital,2
2025-02-01,BARRA DE SAO FRANCISCO,objetos,7
2025-02-01,BARRA DE SAO FRANCISCO,patrimonial,32
2025-02-01,BARRA DE SAO FRANCISCO,violencia_social,22
2025-02-01,BOA ESPERANCA,objetos,4
2025-02-01,BOA ESPERANCA,patrimonial,6
2025-02-01,BOA ESPERANCA,violencia_social,8
2025-02-01,BOM JESUS DO NORTE,objetos,2
2025-02-01,BOM JESUS DO NORTE,patrimonial,3
2025-02-01,BOM JESUS DO NORTE,violencia_social,8
2025-02-01,BREJETUBA,patrimonial,3
2025-02-01,BREJETUBA,violencia_social,7
2025-02-01,CACHOEIRO DE ITAPEMIRIM,digital,2
2025-02-01,CACHOEIRO DE ITAPEMIRIM,objetos,35
2025-02-01,CACHOEIRO DE ITAPEMIRIM,patrimonial,206
2025-02-01,CACHOEIRO DE ITAPEMIRIM,violencia_social,86
2025-02-01,CARIACICA,digital,21
2025-02-01,CARIACICA,objetos,228
2025-02-01,CARIACICA,patrimonial,449
2025-02-01,CARIACICA,violencia_social,130
2025-02-01,CASTELO,digital,4
2025-02-01,CASTELO,objetos,2
2025-02-01,CASTELO,patrimonial,37
2025-02-01,CASTELO,violencia_social,19
2025-02-01,COLATINA,digital,18
2025-02-01,COLATINA,objetos,15
2025-02-01,COLATINA,patrimonial,96
2025-02-01,COLATINA,violencia_social,96
2025-02-01,CONCEICAO DA BARRA,digital,2
2025-02-01,CONCEICAO DA BARRA,objetos,5
2025-02-01,CONCEICAO DA BARRA,patrimonial,25
2025-02-01,CONCEICAO DA BARRA,violencia_social,14
2025-02-01,CONCEICAO DO CASTELO,digital,1
2025-02-01,CONCEICAO DO CASTELO,objetos,3
2025-02-01,CONCEICAO DO CASTELO,patrimonial,8
2025-02-01,CONCEICAO DO CASTELO,violencia_social,4
2025-02-01,DIVINO DE SAO LOURENCO,violencia_social,2
2025-02-01,DOMINGOS MARTINS,objetos,1
2025-02-01,DOMINGOS MARTINS,patrimonial,10
2025-02-01,DOMINGOS MARTINS,violencia_social,3
2025-02-01,DORES DO RIO PRETO,violencia_social,2
2025-02-01,ECOPORANGA,patrimonial,5
2025-02-01,ECOPORANGA,violencia_social,3
2025-02-01,FUNDAO,objetos,4
2025-02-01,FUNDAO,patrimonial,13
2025-02-01,FUNDAO,violencia_social,5
2025-02-01,GOVERNADOR LINDENBERG,digital,1
2025-02-01,GOVERNADOR LINDENBERG,patrimonial,1
2025-02-01,GOVERNADOR LINDENBERG,violencia_social,1
2025-02-01,GUACUI,objetos,5
2025-02-01,GUACUI,patrimonial,10
2025-02-01,GUACUI,violencia_social,13
2025-02-01,GUARAPARI,digital,3
2025-02-01,GUARAPARI,objetos,60
2025-02-01,GUARAPARI,patrimonial,185
2025-02-01,GUARAPARI,violencia_social,48
2025-02-01,IBATIBA,objetos,2
2025-02-01,IBATIBA,patrimonial,14
2025-02-01,IBATIBA,violencia_social,11
2025-02-01,IBIRACU,patrimonial,8
2025-02-01,IBIRACU,violencia_social,7
2025-02-01,IBITIRAMA,patrimonial,2
2025-02-01,IBITIRAMA,violencia_social,2
2025-02-01,ICONHA,digital,1
2025-02-01,ICONHA,objetos,1
2025-02-01,ICONHA,patrimonial,7
2025-02-01,ICONHA,violencia_social,1
2025-02-01,IRUPI,patrimonial,13
2025-02-01,IRUPI,violencia_social,1
2025-02-01,ITAGUACU,objetos,1
2025-02-01,ITAGUACU,patrimonial,5
2025-02-01,ITAGUACU,violencia_social,4
2025-02-01,ITAPEMIRIM,objetos,9
2025-02-01,ITAPEMIRIM,patrimonial,39
2025-02-01,ITAPEMIRIM,violencia_social,30
2025-02-01,ITARANA,patrimonial,4
2025-02-01,ITARANA,violencia_social,7
2025-02-01,IUNA,objetos,2
2025-02-01,IUNA,patrimonial,27
2025-02-01,IUNA,violencia_social,13
2025-02-01,JAGUARE,objetos,4
2025-02-01,JAGUARE,patrimonial,9
2025-02-01,JAGUARE,violencia_social,10
2025-02-01,JERONIMO MONTEIRO,objetos,2
2025-02-01,JERONIMO MONTEIRO,patrimonial,13
2025-02-01,JERONIMO MONTEIRO,violencia_social,5
2025-02-01,JOAO NEIVA,patrimonial,8
2025-02-01,JOAO NEIVA,violencia_social,9
2025-02-01,LARANJA DA TERRA,patrimonial,2
2025-02-01,LINHARES,objetos,54
2025-02-01,LINHARES,patrimonial,138
2025-02-01,LINHARES,violencia_social,59
2025-02-01,MANTENOPOLIS,digital,6
2025-02-01,MANTENOPOLIS,objetos,1
2025-02-01,MANTENOPOLIS,patrimonial,5
2025-02-01,MANTENOPOLIS,violencia_social,6
2025-02-01,MARATAIZES,objetos,14
2025-02-01,MARATAIZES,patrimonial,43
2025-02-01,MARATAIZES,violencia_social,22
2025-02-01,MARECHAL FLORIANO,patrimonial,11
2025-02-01,MARECHAL FLORIANO,violencia_social,4
2025-02-01,MARILANDIA,objetos,2
2025-02-01,MARILANDIA,patrimonial,1
2025-02-01,MARILANDIA,violencia_social,3
2025-02-01,MIMOSO DO SUL,objetos,4
2025-02-01,MIMOSO DO SUL,patrimonial,3
2025-02-01,MIMOSO DO SUL,violencia_social,7
2025-02-01,MONTANHA,objetos,1
2025-02-01,MONTANHA,patrimonial,10
2025-02-01,MONTANHA,violencia_social,6
2025-02-01,MUCURICI,patrimonial,1
2025-02-01,MUCURICI,violencia_social,4
2025-02-01,MUNIZ FREIRE,patrimonial,7
2025-02-01,MUNIZ FREIRE,violencia_social,8
2025-02-01,MUQUI,objetos,2
2025-02-01,MUQUI,patrimonial,10
2025-02-01,NOVA VENECIA,digital,1
2025-02-01,NOVA VENECIA,objetos,6
2025-02-01,NOVA VENECIA,patrimonial,36
2025-02-01,NOVA VENECIA,violencia_social,28
2025-02-01,PANCAS,digital,2
2025-02-01,PANCAS,objetos,3
2025-02-01,PANCAS,patrimonial,9
2025-02-01,PANCAS,violencia_social,6
2025-02-01,PEDRO CANARIO,objetos,1
2025-02-01,PEDRO CANARIO,patrimonial,9
2025-02-01,PEDRO CANARIO,violencia_social,7
2025-02-01,PINHEIROS,digital,1
2025-02-01,PINHEIROS,objetos,4
2025-02-01,PINHEIROS,patrimonial,9
2025-02-01,PINHEIROS,violencia_social,17
2025-02-01,PIUMA,objetos,12
2025-02-01,PIUMA,patrimonial,33
2025-02-01,PIUMA,violencia_social,9
2025-02-01,PONTO BELO,objetos,1
2025-02-01,PONTO BELO,patrimonial,5
2025-02-01,PONTO BELO,violencia_social,1
2025-02-01,PRESIDENTE KENNEDY,objetos,1
2025-02-01,PRESIDENTE KENNEDY,patrimonial,4
2025-02-01,PRESIDENTE KENNEDY,violencia_social,5
2025-02-01,RIO BANANAL,objetos,2
2025-02-01,RIO BANANAL,patrimonial,3
2025-02-01,RIO BANANAL,violencia_social,6
2025-02-01,RIO NOVO DO SUL,digital,1
2025-02-01,RIO NOVO DO SUL,patrimonial,4
2025-02-01,RIO NOVO DO SUL,violencia_social,4
2025-02-01,SANTA LEOPOLDINA,objetos,1
2025-02-01,SANTA LEOPOLDINA,patrimonial,3
2025-02-01,SANTA LEOPOLDINA,violencia_social,4
2025-02-01,SANTA MARIA DE JETIBA,digital,1
2025-02-01,SANTA MARIA DE JETIBA,objetos,2
2025-02-01,SANTA MARIA DE JETIBA,patrimonial,20
2025-02-01,SANTA MARIA DE JETIBA,violencia_social,27
2025-02-01,SANTA TERESA,objetos,1
2025-02-01,SANTA TERESA,patrimonial,7
2025-02-01,SANTA TERESA,violencia_social,13
2025-02-01,SAO DOMINGOS DO NORTE,objetos,1
2025-02-01,SAO DOMINGOS DO NORTE,patrimonial,2
2025-02-01,SAO DOMINGOS DO NORTE,violencia_social,6
2025-02-01,SAO GABRIEL DA PALHA,objetos,2
2025-02-01,SAO GABRIEL DA PALHA,patrimonial,16
2025-02-01,SAO GABRIEL DA PALHA,violencia_social,26
2025-02-01,SAO JOSE DO CALCADO,patrimonial,5
2025-02-01,SAO JOSE DO CALCADO,violencia_social,7
2025-02-01,SAO MATEUS,objetos,23
2025-02-01,SAO MATEUS,patrimonial,35
2025-02-01,SAO MATEUS,violencia_social,48
2025-02-01,SAO ROQUE DO CANAA,patrimonial,6
2025-02-01,SERRA,digital,14
2025-02-01,SERRA,objetos,312
2025-02-01,SERRA,patrimonial,671
2025-02-01,SERRA,violencia_social,200
2025-02-01,SOORETAMA,objetos,4
2025-02-01,SOORETAMA,patrimonial,6
2025-02-01,SOORETAMA,violencia_social,9
2025-02-01,VARGEM ALTA,digital,1
2025-02-01,VARGEM ALTA,objetos,4
2025-02-01,VARGEM ALTA,patrimonial,16
2025-02-01,VARGEM ALTA,violencia_social,10
2025-02-01,VENDA NOVA DO IMIGRANTE,digital,1
2025-02-01,VENDA NOVA DO IMIGRANTE,objetos,4
2025-02-01,VENDA NOVA DO IMIGRANTE,patrimonial,19
2025-02-01,VENDA NOVA DO IMIGRANTE,violencia_social,9
2025-02-01,VIANA,digital,2
2025-02-01,VIANA,objetos,19
2025-02-01,VIANA,patrimonial,65
2025-02-01,VIANA,violencia_social,23
2025-02-01,VILA PAVAO,patrimonial,5
2025-02-01,VILA PAVAO,violencia_social,8
2025-02-01,VILA VALERIO,objetos,1
2025-02-01,VILA VALERIO,patrimonial,1
2025-02-01,VILA VALERIO,violencia_social,2
2025-02-01,VILA VELHA,digital,3
2025-02-01,VILA VELHA,objetos,325
2025-02-01,VILA VELHA,patrimonial,888
2025-02-01,VILA VELHA,violencia_social,158
2025-02-01,VITORIA,digital,34
2025-02-01,VITORIA,objetos,454
2025-02-01,VITORIA,patrimonial,954
2025-02-01,VITORIA,violencia_social,117
2025-03-01,AFONSO CLAUDIO,digital,1
2025-03-01,AFONSO CLAUDIO,objetos,2
2025-03-01,AFONSO CLAUDIO,patrimonial,11
2025-03-01,AFONSO CLAUDIO,violencia_social,20
2025-03-01,AGUA DOCE DO NORTE,objetos,1
2025-03-01,AGUA DOCE DO NORTE,patrimonial,2
2025-03-01,AGUA DOCE DO NORTE,violencia_social,4
2025-03-01,AGUIA BRANCA,patrimonial,1
2025-03-01,AGUIA BRANCA,violencia_social,5
2025-03-01,ALEGRE,objetos,6
2025-03-01,ALEGRE,patrimonial,16
2025-03-01,ALEGRE,violencia_social,15
2025-03-01,ALFREDO CHAVES,digital,3
2025-03-01,ALFREDO CHAVES,patrimonial,8
2025-03-01,ALFREDO CHAVES,violencia_social,8
2025-03-01,ALTO RIO NOVO,patrimonial,3
2025-03-01,ALTO RIO NOVO,violencia_social,1
2025-03-01,ANCHIETA,digital,5
2025-03-01,ANCHIETA,objetos,5
2025-03-01,ANCHIETA,patrimonial,33
2025-03-01,ANCHIETA,violencia_social,18
2025-03-01,APIACA,patrimonial,2
2025-03-01,APIACA,violencia_social,2
2025-03-01,ARACRUZ,digital,3
2025-03-01,ARACRUZ,objetos,19
2025-03-01,ARACRUZ,patrimonial,70
2025-03-01,ARACRUZ,violencia_social,62
2025-03-01,ATILIO VIVACQUA,patrimonial,6
2025-03-01,ATILIO VIVACQUA,violencia_social,3
2025-03-01,BAIXO GUANDU,objetos,4
2025-03-01,BAIXO GUANDU,patrimonial,22
2025-03-01,BAIXO GUANDU,violencia_social,21
2025-03-01,BARRA DE SAO FRANCISCO,digital,1
2025-03-01,BARRA DE SAO FRANCISCO,objetos,6
2025-03-01,BARRA DE SAO FRANCISCO,patrimonial,40
2025-03-01,BARRA DE SAO FRANCISCO,violencia_social,24
2025-03-01,BOA ESPERANCA,objetos,1
2025-03-01,BOA ESPERANCA,patrimonial,1
2025-03-01,BOA ESPERANCA,violencia_social,5
2025-03-01,BOM JESUS DO NORTE,objetos,4
2025-03-01,BOM JESUS DO NORTE,patrimonial,12
2025-03-01,BOM JESUS DO NORTE,violencia_social,4
2025-03-01,BREJETUBA,patrimonial,6
2025-03-01,BREJETUBA,violencia_social,4
2025-03-01,CACHOEIRO DE ITAPEMIRIM,digital,1
2025-03-01,CACHOEIRO DE ITAPEMIRIM,objetos,38
2025-03-01,CACHOEIRO DE ITAPEMIRIM,patrimonial,202
2025-03-01,CACHOEIRO DE ITAPEMIRIM,violencia_social,111
2025-03-01,CARIACICA,digital,12
2025-03-01,CARIACICA,objetos,331
2025-03-01,CARIACICA,patrimonial,562
2025-03-01,CARIACICA,violencia_social,124
2025-03-01,CASTELO,digital,7
2025-03-01,CASTELO,objetos,3
2025-03-01,CASTELO,patrimonial,44
2025-03-01,CASTELO,violencia_social,14
2025-03-01,COLATINA,digital,42
2025-03-01,COLATINA,objetos,20
2025-03-01,COLATINA,patrimonial,106
2025-03-01,COLATINA,violencia_social,89
2025-03-01,CONCEICAO DA BARRA,digital,2
2025-03-01,CONCEICAO DA BARRA,objetos,11
2025-03-01,CONCEICAO DA BARRA,patrimonial,19
2025-03-01,CONCEICAO DA BARRA,violencia_social,10
2025-03-01,CONCEICAO DO CASTELO,patrimonial,2
2025-03-01,CONCEICAO DO CASTELO,violencia_social,6
2025-03-01,DIVINO DE SAO LOURENCO,patrimonial,3
2025-03-01,DIVINO DE SAO LOURENCO,violencia_social,2
2025-03-01,DOMINGOS MARTINS,objetos,3
2025-03-01,DOMINGOS MARTINS,patrimonial,10
2025-03-01,DOMINGOS MARTINS,violencia_social,9
2025-03-01,DORES DO RIO PRETO,patrimonial,1
2025-03-01,ECOPORANGA,violencia_social,2
2025-03-01,FUNDAO,objetos,2
2025-03-01,FUNDAO,patrimonial,10
2025-03-01,FUNDAO,violencia_social,5
2025-03-01,GOVERNADOR LINDENBERG,digital,1
2025-03-01,GOVERNADOR LINDENBERG,patrimonial,4
2025-03-01,GOVERNADOR LINDENBERG,violencia_social,3
2025-03-01,GUACUI,objetos,3
2025-03-01,GUACUI,patrimonial,28
2025-03-01,GUACUI,violencia_social,17
2025-03-01,GUARAPARI,digital,3
2025-03-01,GUARAPARI,objetos,60
2025-03-01,GUARAPARI,patrimonial,216
2025-03-01,GUARAPARI,violencia_social,35
2025-03-01,IBATIBA,objetos,5
2025-03-01,IBATIBA,patrimonial,16
2025-03-01,IBATIBA,violencia_social,13
2025-03-01,IBIRACU,digital,1
2025-03-01,IBIRACU,patrimonial,8
2025-03-01,IBIRACU,violencia_social,6
2025-03-01,IBITIRAMA,objetos,1
2025-03-01,IBITIRAMA,patrimonial,4
2025-03-01,IBITIRAMA,violencia_social,1
2025-03-01,ICONHA,patrimonial,4
2025-03-01,ICONHA,violencia_social,3
2025-03-01,IRUPI,patrimonial,6
2025-03-01,IRUPI,violencia_social,4
2025-03-01,ITAGUACU,patrimonial,7
2025-03-01,ITAGUACU,violencia_social,6
2025-03-01,ITAPEMIRIM,objetos,4
2025-03-01,ITAPEMIRIM,patrimonial,37
2025-03-01,ITAPEMIRIM,violencia_social,23
2025-03-01,ITARANA,patrimonial,3
2025-03-01,ITARANA,violencia_social,2
2025-03-01,IUNA,objetos,6
2025-03-01,IUNA,patrimonial,30
2025-03-01,IUNA,violencia_social,12
2025-03-01,JAGUARE,objetos,4
2025-03-01,JAGUARE,patrimonial,10
2025-03-01,JAGUARE,violencia_social,10
2025-03-01,JERONIMO MONTEIRO,objetos,1
2025-03-01,JERONIMO MONTEIRO,patrimonial,4
2025-03-01,JERONIMO MONTEIRO,violencia_social,8
2025-03-01,JOAO NEIVA,objetos,4
2025-03-01,JOAO NEIVA,patrimonial,5
2025-03-01,JOAO NEIVA,violencia_social,9
2025-03-01,LARANJA DA TERRA,patrimonial,1
2025-03-01,LARANJA DA TERRA,violencia_social,3
2025-03-01,LINHARES,digital,1
2025-03-01,LINHARES,objetos,65
2025-03-01,LINHARES,patrimonial,128
2025-03-01,LINHARES,violencia_social,87
2025-03-01,MANTENOPOLIS,digital,4
2025-03-01,MANTENOPOLIS,objetos,3
2025-03-01,MANTENOPOLIS,patrimonial,4
2025-03-01,MANTENOPOLIS,violencia_social,3
2025-03-01,MARATAIZES,objetos,18
2025-03-01,MARATAIZES,patrimonial,47
2025-03-01,MARATAIZES,violencia_social,37
2025-03-01,MARECHAL FLORIANO,objetos,1
2025-03-01,MARECHAL FLORIANO,patrimonial,12
2025-03-01,MARECHAL FLORIANO,violencia_social,4
2025-03-01,MARILANDIA,objetos,2
2025-03-01,MARILANDIA,patrimonial,4
2025-03-01,MARILANDIA,violencia_social,7
2025-03-01,MIMOSO DO SUL,objetos,1
2025-03-01,MIMOSO DO SUL,patrimonial,15
2025-03-01,MIMOSO DO SUL,violencia_social,6
2025-03-01,MONTANHA,objetos,3
2025-03-01,MONTANHA,patrimonial,19
2025-03-01,MONTANHA,violencia_social,10
2025-03-01,MUCURICI,patrimonial,1
2025-03-01,MUCURICI,violencia_social,4
2025-03-01,MUNIZ FREIRE,patrimonial,13
2025-03-01,MUNIZ FREIRE,violencia_social,7
2025-03-01,MUQUI,objetos,2
2025-03-01,MUQUI,patrimonial,7
2025-03-01,MUQUI,violencia_social,6
2025-03-01,NOVA VENECIA,objetos,7
2025-03-01,NOVA VENECIA,patrimonial,51
2025-03-01,NOVA VENECIA,violencia_social,28
2025-03-01,PANCAS,digital,1
2025-03-01,PANCAS,objetos,1
2025-03-01,PANCAS,patrimonial,10
2025-03-01,PANCAS,violencia_social,6
2025-03-01,PEDRO CANARIO,objetos,3
2025-03-01,PEDRO CANARIO,patrimonial,7
2025-03-01,PEDRO CANARIO,violencia_social,4
2025-03-01,PINHEIROS,digital,2
2025-03-01,PINHEIROS,patrimonial,13
2025-03-01,PINHEIROS,violencia_social,8
2025-03-01,PIUMA,objetos,7
2025-03-01,PIUMA,patrimonial,29
2025-03-01,PIUMA,violencia_social,22
2025-03-01,PONTO BELO,patrimonial,2
2025-03-01,PONTO BELO,violencia_social,1
2025-03-01,PRESIDENTE KENNEDY,objetos,4
2025-03-01,PRESIDENTE KENNEDY,patrimonial,7
2025-03-01,PRESIDENTE KENNEDY,violencia_social,15
2025-03-01,RIO BANANAL,patrimonial,8
2025-03-01,RIO BANANAL,violencia_social,7
2025-03-01,RIO NOVO DO SUL,objetos,2
2025-03-01,RIO NOVO DO SUL,patrimonial,7
2025-03-01,RIO NOVO DO SUL,violencia_social,5
2025-03-01,SANTA LEOPOLDINA,objetos,2
2025-03-01,SANTA LEOPOLDINA,patrimonial,3
2025-03-01,SANTA LEOPOLDINA,violencia_social,4
2025-03-01,SANTA MARIA DE JETIBA,digital,2
2025-03-01,SANTA MARIA DE JETIBA,objetos,2
2025-03-01,SANTA MARIA DE JETIBA,patrimonial,18
2025-03-01,SANTA MARIA DE JETIBA,violencia_social,21
2025-03-01,SANTA TERESA,digital,5
2025-03-01,SANTA TERESA,objetos,2
2025-03-01,SANTA TERESA,patrimonial,8
2025-03-01,SANTA TERESA,violencia_social,8
2025-03-01,SAO DOMINGOS DO NORTE,objetos,1
2025-03-01,SAO DOMINGOS DO NORTE,patrimonial,7
2025-03-01,SAO DOMINGOS DO NORTE,violencia_social,3
2025-03-01,SAO GABRIEL DA PALHA,objetos,9
2025-03-01,SAO GABRIEL DA PALHA,patrimonial,23
2025-03-01,SAO GABRIEL DA PALHA,violencia_social,33
2025-03-01,SAO JOSE DO CALCADO,patrimonial,6
2025-03-01,SAO JOSE DO CALCADO,violencia_social,4
2025-03-01,SAO MATEUS,objetos,30
2025-03-01,SAO MATEUS,patrimonial,38
2025-03-01,SAO MATEUS,violencia_social,51
2025-03-01,SAO ROQUE DO CANAA,digital,1
2025-03-01,SAO ROQUE DO CANAA,patrimonial,3
2025-03-01,SERRA,digital,20
2025-03-01,SERRA,objetos,336
2025-03-01,SERRA,patrimonial,810
2025-03-01,SERRA,violencia_social,224
2025-03-01,SOORETAMA,objetos,3
2025-03-01,SOORETAMA,patrimonial,10
2025-03-01,SOORETAMA,violencia_social,8
2025-03-01,VARGEM ALTA,digital,1
2025-03-01,VARGEM ALTA,patrimonial,7
2025-03-01,VARGEM ALTA,violencia_social,7
2025-03-01,VENDA NOVA DO IMIGRANTE,patrimonial,11
2025-03-01,VENDA NOVA DO IMIGRANTE,violencia_social,9
2025-03-01,VIANA,digital,2
2025-03-01,VIANA,objetos,23
2025-03-01,VIANA,patrimonial,69
2025-03-01,VIANA,violencia_social,28
2025-03-01,VILA PAVAO,patrimonial,3
2025-03-01,VILA PAVAO,violencia_social,1
2025-03-01,VILA VALERIO,patrimonial,2
2025-03-01,VILA VALERIO,violencia_social,3
2025-03-01,VILA VELHA,digital,18
2025-03-01,VILA VELHA,objetos,391
2025-03-01,VILA VELHA,patrimonial,971
2025-03-01,VILA VELHA,violencia_social,165
2025-03-01,VITORIA,digital,24
2025-03-01,VITORIA,objetos,319
2025-03-01,VITORIA,patrimonial,886
2025-03-01,VITORIA,violencia_social,102
2025-04-01,AFONSO CLAUDIO,digital,1
2025-04-01,AFONSO CLAUDIO,objetos,2
2025-04-01,AFONSO CLAUDIO,patrimonial,7
2025-04-01,AFONSO CLAUDIO,violencia_social,12
2025-04-01,AGUA DOCE DO NORTE,patrimonial,3
2025-04-01,AGUA DOCE DO NORTE,violencia_social,3
2025-04-01,AGUIA BRANCA,objetos,1
2025-04-01,AGUIA BRANCA,violencia_social,5
2025-04-01,ALEGRE,objetos,7
2025-04-01,ALEGRE,patrimonial,18
2025-04-01,ALEGRE,violencia_social,17
2025-04-01,ALFREDO CHAVES,digital,2
2025-04-01,ALFREDO CHAVES,objetos,1
2025-04-01,ALFREDO CHAVES,patrimonial,9
2025-04-01,ALFREDO CHAVES,violencia_social,3
2025-04-01,ALTO RIO NOVO,patrimonial,2
2025-04-01,ALTO RIO NOVO,violencia_social,1
2025-04-01,ANCHIETA,digital,5
2025-04-01,ANCHIETA,objetos,4
2025-04-01,ANCHIETA,patrimonial,16
2025-04-01,ANCHIETA,violencia_social,12
2025-04-01,APIACA,patrimonial,2
2025-04-01,APIACA,violencia_social,1
2025-04-01,ARACRUZ,digital,7
2025-04-01,ARACRUZ,objetos,17
2025-04-01,ARACRUZ,patrimonial,64
2025-04-01,ARACRUZ,violencia_social,57
2025-04-01,ATILIO VIVACQUA,objetos,2
2025-04-01,ATILIO VIVACQUA,patrimonial,7
2025-04-01,ATILIO VIVACQUA,violencia_social,2
2025-04-01,BAIXO GUANDU,objetos,2
2025-04-01,BAIXO GUANDU,patrimonial,23
2025-04-01,BAIXO GUANDU,violencia_social,17
2025-04-01,BARRA DE SAO FRANCISCO,digital,1
2025-04-01,BARRA DE SAO FRANCISCO,objetos,10
2025-04-01,BARRA DE SAO FRANCISCO,patrimonial,37
2025-04-01,BARRA DE SAO FRANCISCO,violencia_social,20
2025-04-01,BOA ESPERANCA,objetos,5
2025-04-01,BOA ESPERANCA,patrimonial,11
2025-04-01,BOA ESPERANCA,violencia_social,6
2025-04-01,BOM JESUS DO NORTE,objetos,4
2025-04-01,BOM JESUS DO NORTE,patrimonial,5
2025-04-01,BOM JESUS DO NORTE,violencia_social,4
2025-04-01,BREJETUBA,patrimonial,2
2025-04-01,BREJETUBA,violencia_social,1
2025-04-01,CACHOEIRO DE ITAPEMIRIM,digital,2
2025-04-01,CACHOEIRO DE ITAPEMIRIM,objetos,20
2025-04-01,CACHOEIRO DE ITAPEMIRIM,patrimonial,190
2025-04-01,CACHOEIRO DE ITAPEMIRIM,violencia_social,97
2025-04-01,CARIACICA,digital,17
2025-04-01,CARIACICA,objetos,310
2025-04-01,CARIACICA,patrimonial,504
2025-04-01,CARIACICA,violencia_social,147
2025-04-01,CASTELO,digital,5
2025-04-01,CASTELO,objetos,2
2025-04-01,CASTELO,patrimonial,34
2025-04-01,CASTELO,violencia_social,19
2025-04-01,COLATINA,digital,25
2025-04-01,COLATINA,objetos,12
2025-04-01,COLATINA,patrimonial,121
2025-04-01,COLATINA,violencia_social,66
2025-04-01,CONCEICAO DA BARRA,digital,3
2025-04-01,CONCEICAO DA BARRA,objetos,12
2025-04-01,CONCEICAO DA BARRA,patrimonial,23
2025-04-01,CONCEICAO DA BARRA,violencia_social,15
2025-04-01,CONCEICAO DO CASTELO,objetos,1
2025-04-01,CONCEICAO DO CASTELO,patrimonial,4
2025-04-01,CONCEICAO DO CASTELO,violencia_social,5
2025-04-01,DIVINO DE SAO LOURENCO,patrimonial,2
2025-04-01,DOMINGOS MARTINS,objetos,4
2025-04-01,DOMINGOS MARTINS,patrimonial,4
2025-04-01,DOMINGOS MARTINS,violencia_social,8
2025-04-01,DORES DO RIO PRETO,patrimonial,3
2025-04-01,DORES DO RIO PRETO,violencia_social,3
2025-04-01,ECOPORANGA,patrimonial,2
2025-04-01,ECOPORANGA,violencia_social,5
2025-04-01,FUNDAO,objetos,4
2025-04-01,FUNDAO,patrimonial,16
2025-04-01,FUNDAO,violencia_social,9
2025-04-01,GOVERNADOR LINDENBERG,objetos,1
2025-04-01,GOVERNADOR LINDENBERG,patrimonial,2
2025-04-01,GOVERNADOR LINDENBERG,violencia_social,1
2025-04-01,GUACUI,objetos,5
2025-04-01,GUACUI,patrimonial,21
2025-04-01,GUACUI,violencia_social,16
2025-04-01,GUARAPARI,digital,2
2025-04-01,GUARAPARI,objetos,63
2025-04-01,GUARAPARI,patrimonial,169
2025-04-01,GUARAPARI,violencia_social,40
2025-04-01,IBATIBA,patrimonial,13
2025-04-01,IBATIBA,violencia_social,15
2025-04-01,IBIRACU,patrimonial,6
2025-04-01,IBIRACU,violencia_social,4
2025-04-01,IBITIRAMA,patrimonial,2
2025-04-01,IBITIRAMA,violencia_social,6
2025-04-01,ICONHA,digital,2
2025-04-01,ICONHA,objetos,2
2025-04-01,ICONHA,patrimonial,3
2025-04-01,ICONHA,violencia_social,7
2025-04-01,IRUPI,patrimonial,2
2025-04-01,IRUPI,violencia_social,6
2025-04-01,ITAGUACU,patrimonial,8
2025-04-01,ITAGUACU,violencia_social,3
2025-04-01,ITAPEMIRIM,objetos,9
2025-04-01,ITAPEMIRIM,patrimonial,29
2025-04-01,ITAPEMIRIM,violencia_social,25
2025-04-01,ITARANA,objetos,1
2025-04-01,ITARANA,patrimonial,2
2025-04-01,ITARANA,violencia_social,6
2025-04-01,IUNA,objetos,3
2025-04-01,IUNA,patrimonial,18
2025-04-01,IUNA,violencia_social,15
2025-04-01,JAGUARE,objetos,4
2025-04-01,JAGUARE,patrimonial,8
2025-04-01,JAGUARE,violencia_social,4
2025-04-01,JERONIMO MONTEIRO,objetos,1
2025-04-01,JERONIMO MONTEIRO,patrimonial,8
2025-04-01,JERONIMO MONTEIRO,violencia_social,2
2025-04-01,JOAO NEIVA,patrimonial,11
2025-04-01,JOAO NEIVA,violencia_social,7
2025-04-01,LARANJA DA TERRA,patrimonial,2
2025-04-01,LARANJA DA TERRA,violencia_social,2
2025-04-01,LINHARES,objetos,54
2025-04-01,LINHARES,patrimonial,136
2025-04-01,LINHARES,violencia_social,67
2025-04-01,MANTENOPOLIS,digital,3
2025-04-01,MANTENOPOLIS,objetos,1
2025-04-01,MANTENOPOLIS,patrimonial,5
2025-04-01,MANTENOPOLIS,violencia_social,7
2025-04-01,MARATAIZES,objetos,13
2025-04-01,MARATAIZES,patrimonial,52
2025-04-01,MARATAIZES,violencia_social,22
2025-04-01,MARECHAL FLORIANO,patrimonial,10
2025-04-01,MARECHAL FLORIANO,violencia_social,1
2025-04-01,MARILANDIA,objetos,5
2025-04-01,MARILANDIA,patrimonial,3
2025-04-01,MARILANDIA,violencia_social,7
2025-04-01,MIMOSO DO SUL,objetos,3
2025-04-01,MIMOSO DO SUL,patrimonial,15
2025-04-01,MIMOSO DO SUL,violencia_social,10
2025-04-01,MONTANHA,objetos,2
2025-04-01,MONTANHA,patrimonial,19
2025-04-01,MONTANHA,violencia_social,8
2025-04-01,MUCURICI,violencia_social,2
2025-04-01,MUNIZ FREIRE,patrimonial,2
2025-04-01,MUNIZ FREIRE,violencia_social,2
2025-04-01,MUQUI,patrimonial,5
2025-04-01,MUQUI,violencia_social,4
2025-04-01,NOVA VENECIA,objetos,7
2025-04-01,NOVA VENECIA,patrimonial,32
2025-04-01,NOVA VENECIA,violencia_social,31
2025-04-01,PANCAS,objetos,2
2025-04-01,PANCAS,patrimonial,10
2025-04-01,PANCAS,violencia_social,9
2025-04-01,PEDRO CANARIO,objetos,1
2025-04-01,PEDRO CANARIO,patrimonial,11
2025-04-01,PEDRO CANARIO,violencia_social,4
2025-04-01,PINHEIROS,digital,4
2025-04-01,PINHEIROS,objetos,2
2025-04-01,PINHEIROS,patrimonial,7
2025-04-01,PINHEIROS,violencia_social,9
2025-04-01,PIUMA,objetos,10
2025-04-01,PIUMA,patrimonial,31
2025-04-01,PIUMA,violencia_social,12
2025-04-01,PONTO BELO,patrimonial,4
2025-04-01,PONTO BELO,violencia_social,2
2025-04-01,PRESIDENTE KENNEDY,objetos,1
2025-04-01,PRESIDENTE KENNEDY,patrimonial,7
2025-04-01,PRESIDENTE KENNEDY,violencia_social,9
2025-04-01,RIO BANANAL,objetos,4
2025-04-01,RIO BANANAL,patrimonial,4
2025-04-01,RIO BANANAL,violencia_social,4
2025-04-01,RIO NOVO DO SUL,objetos,1
2025-04-01,RIO NOVO DO SUL,patrimonial,2
2025-04-01,RIO NOVO DO SUL,violencia_social,2
2025-04-01,SANTA LEOPOLDINA,patrimonial,3
2025-04-01,SANTA LEOPOLDINA,violencia_social,8
2025-04-01,SANTA MARIA DE JETIBA,digital,1
2025-04-01,SANTA MARIA DE JETIBA,objetos,3
2025-04-01,SANTA MARIA DE JETIBA,patrimonial,11
2025-04-01,SANTA MARIA DE JETIBA,violencia_social,23
2025-04-01,SANTA TERESA,digital,2
2025-04-01,SANTA TERESA,patrimonial,11
2025-04-01,SANTA TERESA,violencia_social,11
2025-04-01,SAO DOMINGOS DO NORTE,patrimonial,3
2025-04-01,SAO DOMINGOS DO NORTE,violencia_social,5
2025-04-01,SAO GABRIEL DA PALHA,objetos,5
2025-04-01,SAO GABRIEL DA PALHA,patrimonial,19
2025-04-01,SAO GABRIEL DA PALHA,violencia_social,26
2025-04-01,SAO JOSE DO CALCADO,patrimonial,8
2025-04-01,SAO JOSE DO CALCADO,violencia_social,5
2025-04-01,SAO MATEUS,objetos,10
2025-04-01,SAO MATEUS,patrimonial,21
2025-04-01,SAO MATEUS,violencia_social,44
2025-04-01,SAO ROQUE DO CANAA,patrimonial,1
2025-04-01,SAO ROQUE DO CANAA,violencia_social,2
2025-04-01,SERRA,digital,34
2025-04-01,SERRA,objetos,312
2025-04-01,SERRA,patrimonial,770
2025-04-01,SERRA,violencia_social,182
2025-04-01,SOORETAMA,objetos,3
2025-04-01,SOORETAMA,patrimonial,8
2025-04-01,SOORETAMA,violencia_social,6
2025-04-01,VARGEM ALTA,digital,1
2025-04-01,VARGEM ALTA,objetos,4
2025-04-01,VARGEM ALTA,patrimonial,14
2025-04-01,VARGEM ALTA,violencia_social,5
2025-04-01,VENDA NOVA DO IMIGRANTE,objetos,1
2025-04-01,VENDA NOVA DO IMIGRANTE,patrimonial,19
2025-04-01,VENDA NOVA DO IMIGRANTE,violencia_social,15
2025-04-01,VIANA,digital,2
2025-04-01,VIANA,objetos,21
2025-04-01,VIANA,patrimonial,72
2025-04-01,VIANA,violencia_social,34
2025-04-01,VILA PAVAO,patrimonial,1
2025-04-01,VILA PAVAO,violencia_social,2
2025-04-01,VILA VALERIO,objetos,1
2025-04-01,VILA VALERIO,patrimonial,3
2025-04-01,VILA VALERIO,violencia_social,3
2025-04-01,VILA VELHA,digital,1
2025-04-01,VILA VELHA,objetos,367
2025-04-01,VILA VELHA,patrimonial,923
2025-04-01,VILA VELHA,violencia_social,199
2025-04-01,VITORIA,digital,25
2025-04-01,VITORIA,objetos,252
2025-04-01,VITORIA,patrimonial,808
2025-04-01,VITORIA,violencia_social,108
2025-05-01,AFONSO CLAUDIO,objetos,1
2025-05-01,AFONSO CLAUDIO,patrimonial,9
2025-05-01,AFONSO CLAUDIO,violencia_social,11
2025-05-01,AGUA DOCE DO NORTE,patrimonial,6
2025-05-01,AGUA DOCE DO NORTE,violencia_social,3
2025-05-01,AGUIA BRANCA,violencia_social,1
2025-05-01,ALEGRE,objetos,4
2025-05-01,ALEGRE,patrimonial,24
2025-05-01,ALEGRE,violencia_social,16
2025-05-01,ALFREDO CHAVES,digital,1
2025-05-01,ALFREDO CHAVES,objetos,2
2025-05-01,ALFREDO CHAVES,patrimonial,3
2025-05-01,ALFREDO CHAVES,violencia_social,8
2025-05-01,ALTO RIO NOVO,patrimonial,2
2025-05-01,ALTO RIO NOVO,violencia_social,1
2025-05-01,ANCHIETA,digital,2
2025-05-01,ANCHIETA,objetos,5
2025-05-01,ANCHIETA,patrimonial,20
2025-05-01,ANCHIETA,violencia_social,14
2025-05-01,APIACA,patrimonial,1
2025-05-01,APIACA,violencia_social,2
2025-05-01,ARACRUZ,digital,8
2025-05-01,ARACRUZ,objetos,18
2025-05-01,ARACRUZ,patrimonial,82
2025-05-01,ARACRUZ,violencia_social,71
2025-05-01,ATILIO VIVACQUA,patrimonial,5
2025-05-01,ATILIO VIVACQUA,violencia_social,5
2025-05-01,BAIXO GUANDU,objetos,2
2025-05-01,BAIXO GUANDU,patrimonial,26
2025-05-01,BAIXO GUANDU,violencia_social,15
2025-05-01,BARRA DE SAO FRANCISCO,digital,1
2025-05-01,BARRA DE SAO FRANCISCO,objetos,4
2025-05-01,BARRA DE SAO FRANCISCO,patrimonial,30
2025-05-01,BARRA DE SAO FRANCISCO,violencia_social,27
2025-05-01,BOA ESPERANCA,objetos,3
2025-05-01,BOA ESPERANCA,patrimonial,4
2025-05-01,BOA ESPERANCA,violencia_social,10
2025-05-01,BOM JESUS DO NORTE,objetos,2
2025-05-01,BOM JESUS DO NORTE,patrimonial,3
2025-05-01,BOM JESUS DO NORTE,violencia_social,4
2025-05-01,BREJETUBA,patrimonial,4
2025-05-01,BREJETUBA,violencia_social,4
2025-05-01,CACHOEIRO DE ITAPEMIRIM,digital,1
2025-05-01,CACHOEIRO DE ITAPEMIRIM,objetos,80
2025-05-01,CACHOEIRO DE ITAPEMIRIM,patrimonial,223
2025-05-01,CACHOEIRO DE ITAPEMIRIM,violencia_social,80
2025-05-01,CARIACICA,digital,9
2025-05-01,CARIACICA,objetos,322
2025-05-01,CARIACICA,patrimonial,586
2025-05-01,CARIACICA,violencia_social,126
2025-05-01,CASTELO,digital,8
2025-05-01,CASTELO,objetos,4
2025-05-01,CASTELO,patrimonial,29
2025-05-01,CASTELO,violencia_social,16
2025-05-01,COLATINA,digital,18
2025-05-01,COLATINA,objetos,21
2025-05-01,COLATINA,patrimonial,120
2025-05-01,COLATINA,violencia_social,80
2025-05-01,CONCEICAO DA BARRA,objetos,8
2025-05-01,CONCEICAO DA BARRA,patrimonial,21
2025-05-01,CONCEICAO DA BARRA,violencia_social,16
2025-05-01,CONCEICAO DO CASTELO,digital,1
2025-05-01,CONCEICAO DO CASTELO,patrimonial,4
2025-05-01,CONCEICAO DO CASTELO,violencia_social,3
2025-05-01,DIVINO DE SAO LOURENCO,patrimonial,1
2025-05-01,DIVINO DE SAO LOURENCO,violencia_social,4
2025-05-01,DOMINGOS MARTINS,objetos,5
2025-05-01,DOMINGOS MARTINS,patrimonial,4
2025-05-01,DOMINGOS MARTINS,violencia_social,4
2025-05-01,DORES DO RIO PRETO,patrimonial,2
2025-05-01,DORES DO RIO PRETO,violencia_social,2
2025-05-01,ECOPORANGA,digital,2
2025-05-01,ECOPORANGA,patrimonial,7
2025-05-01,ECOPORANGA,violencia_social,5
2025-05-01,FUNDAO,objetos,1
2025-05-01,FUNDAO,patrimonial,15
2025-05-01,FUNDAO,violencia_social,5
2025-05-01,GOVERNADOR LINDENBERG,digital,1
2025-05-01,GOVERNADOR LINDENBERG,patrimonial,2
2025-05-01,GOVERNADOR LINDENBERG,violencia_social,1
2025-05-01,GUACUI,objetos,4
2025-05-01,GUACUI,patrimonial,17
2025-05-01,GUACUI,violencia_social,8
2025-05-01,GUARAPARI,digital,1
2025-05-01,GUARAPARI,objetos,55
2025-05-01,GUARAPARI,patrimonial,172
2025-05-01,GUARAPARI,violencia_social,36
2025-05-01,IBATIBA,patrimonial,15
2025-05-01,IBATIBA,violencia_social,6
2025-05-01,IBIRACU,objetos,4
2025-05-01,IBIRACU,patrimonial,12
2025-05-01,IBIRACU,violencia_social,4
2025-05-01,IBITIRAMA,patrimonial,2
2025-05-01,IBITIRAMA,violencia_social,1
2025-05-01,ICONHA,digital,1
2025-05-01,ICONHA,objetos,2
2025-05-01,ICONHA,patrimonial,13
2025-05-01,ICONHA,violencia_social,5
2025-05-01,IRUPI,objetos,2
2025-05-01,IRUPI,patrimonial,2
2025-05-01,IRUPI,violencia_social,4
2025-05-01,ITAGUACU,patrimonial,9
2025-05-01,ITAGUACU,violencia_social,2
2025-05-01,ITAPEMIRIM,objetos,5
2025-05-01,ITAPEMIRIM,patrimonial,33
2025-05-01,ITAPEMIRIM,violencia_social,14
2025-05-01,ITARANA,patrimonial,2
2025-05-01,ITARANA,violencia_social,1
2025-05-01,IUNA,objetos,1
2025-05-01,IUNA,patrimonial,17
2025-05-01,IUNA,violencia_social,15
2025-05-01,JAGUARE,patrimonial,8
2025-05-01,JAGUARE,violencia_social,4
2025-05-01,JERONIMO MONTEIRO,patrimonial,10
2025-05-01,JERONIMO MONTEIRO,violencia_social,7
2025-05-01,JOAO NEIVA,objetos,1
2025-05-01,JOAO NEIVA,patrimonial,6
2025-05-01,JOAO NEIVA,violencia_social,8
2025-05-01,LARANJA DA TERRA,violencia_social,5
2025-05-01,LINHARES,objetos,55
2025-05-01,LINHARES,patrimonial,158
2025-05-01,LINHARES,violencia_social,78
2025-05-01,MANTENOPOLIS,objetos,1
2025-05-01,MANTENOPOLIS,patrimonial,3
2025-05-01,MANTENOPOLIS,violencia_social,1
2025-05-01,MARATAIZES,objetos,27
2025-05-01,MARATAIZES,patrimonial,63
2025-05-01,MARATAIZES,violencia_social,29
2025-05-01,MARECHAL FLORIANO,objetos,2
2025-05-01,MARECHAL FLORIANO,patrimonial,12
2025-05-01,MARECHAL FLORIANO,violencia_social,9
2025-05-01,MARILANDIA,patrimonial,7
2025-05-01,MARILANDIA,violencia_social,6
2025-05-01,MIMOSO DO SUL,objetos,4
2025-05-01,MIMOSO DO SUL,patrimonial,10
2025-05-01,MIMOSO DO SUL,violencia_social,10
2025-05-01,MONTANHA,objetos,2
2025-05-01,MONTANHA,patrimonial,6
2025-05-01,MONTANHA,violencia_social,10
2025-05-01,MUNIZ FREIRE,objetos,2
2025-05-01,MUNIZ FREIRE,patrimonial,8
2025-05-01,MUNIZ FREIRE,violencia_social,8
2025-05-01,MUQUI,objetos,1
2025-05-01,MUQUI,patrimonial,8
2025-05-01,MUQUI,violencia_social,7
2025-05-01,NOVA VENECIA,objetos,4
2025-05-01,NOVA VENECIA,patrimonial,48
2025-05-01,NOVA VENECIA,violencia_social,30
2025-05-01,PANCAS,objetos,2
2025-05-01,PANCAS,patrimonial,5
2025-05-01,PANCAS,violencia_social,2
2025-05-01,PEDRO CANARIO,objetos,5
2025-05-01,PEDRO CANARIO,patrimonial,14
2025-05-01,PEDRO CANARIO,violencia_social,10
2025-05-01,PINHEIROS,digital,4
2025-05-01,PINHEIROS,objetos,6
2025-05-01,PINHEIROS,patrimonial,12
2025-05-01,PINHEIROS,violencia_social,5
2025-05-01,PIUMA,digital,1
2025-05-01,PIUMA,objetos,5
2025-05-01,PIUMA,patrimonial,17
2025-05-01,PIUMA,violencia_social,15
2025-05-01,PONTO BELO,objetos,2
2025-05-01,PONTO BELO,patrimonial,2
2025-05-01,PONTO BELO,violencia_social,2
2025-05-01,PRESIDENTE KENNEDY,patrimonial,9
2025-05-01,PRESIDENTE KENNEDY,violencia_social,12
2025-05-01,RIO BANANAL,objetos,2
2025-05-01,RIO BANANAL,patrimonial,7
2025-05-01,RIO BANANAL,violencia_social,6
2025-05-01,RIO NOVO DO SUL,objetos,3
2025-05-01,RIO NOVO DO SUL,patrimonial,8
2025-05-01,RIO NOVO DO SUL,violencia_social,5
2025-05-01,SANTA LEOPOLDINA,patrimonial,4
2025-05-01,SANTA LEOPOLDINA,violencia_social,3
2025-05-01,SANTA MARIA DE JETIBA,objetos,7
2025-05-01,SANTA MARIA DE JETIBA,patrimonial,15
2025-05-01,SANTA MARIA DE JETIBA,violencia_social,25
2025-05-01,SANTA TERESA,digital,5
2025-05-01,SANTA TERESA,patrimonial,8
2025-05-01,SANTA TERESA,violencia_social,7
2025-05-01,SAO DOMINGOS DO NORTE,patrimonial,3
2025-05-01,SAO DOMINGOS DO NORTE,violencia_social,2
2025-05-01,SAO GABRIEL DA PALHA,objetos,6
2025-05-01,SAO GABRIEL DA PALHA,patrimonial,23
2025-05-01,SAO GABRIEL DA PALHA,violencia_social,14
2025-05-01,SAO JOSE DO CALCADO,patrimonial,6
2025-05-01,SAO JOSE DO CALCADO,violencia_social,10
2025-05-01,SAO MATEUS,objetos,16
2025-05-01,SAO MATEUS,patrimonial,35
2025-05-01,SAO MATEUS,violencia_social,43
2025-05-01,SAO ROQUE DO CANAA,digital,1
2025-05-01,SAO ROQUE DO CANAA,patrimonial,4
2025-05-01,SAO ROQUE DO CANAA,violencia_social,6
2025-05-01,SERRA,digital,26
2025-05-01,SERRA,objetos,367
2025-05-01,SERRA,patrimonial,877
2025-05-01,SERRA,violencia_social,206
2025-05-01,SOORETAMA,objetos,4
2025-05-01,SOORETAMA,patrimonial,13
2025-05-01,SOORETAMA,violencia_social,10
2025-05-01,VARGEM ALTA,digital,2
2025-05-01,VARGEM ALTA,patrimonial,10
2025-05-01,VARGEM ALTA,violencia_social,7
2025-05-01,VENDA NOVA DO IMIGRANTE,objetos,1
2025-05-01,VENDA NOVA DO IMIGRANTE,patrimonial,17
2025-05-01,VENDA NOVA DO IMIGRANTE,violencia_social,10
2025-05-01,VIANA,digital,3
2025-05-01,VIANA,objetos,26
2025-05-01,VIANA,patrimonial,72
2025-05-01,VIANA,violencia_social,27
2025-05-01,VILA PAVAO,patrimonial,6
2025-05-01,VILA PAVAO,violencia_social,2
2025-05-01,VILA VALERIO,objetos,1
2025-05-01,VILA VALERIO,patrimonial,4
2025-05-01,VILA VALERIO,violencia_social,2
2025-05-01,VILA VELHA,digital,6
2025-05-01,VILA VELHA,objetos,387
2025-05-01,VILA VELHA,patrimonial,975
2025-05-01,VILA VELHA,violencia_social,156
2025-05-01,VITORIA,digital,31
2025-05-01,VITORIA,objetos,286
2025-05-01,VITORIA,patrimonial,827
2025-05-01,VITORIA,violencia_social,109
2025-06-01,AFONSO CLAUDIO,patrimonial,9
2025-06-01,AFONSO CLAUDIO,violencia_social,13
2025-06-01,AGUA DOCE DO NORTE,objetos,1
2025-06-01,AGUA DOCE DO NORTE,patrimonial,6
2025-06-01,AGUA DOCE DO NORTE,violencia_social,3
2025-06-01,AGUIA BRANCA,patrimonial,1
2025-06-01,AGUIA BRANCA,violencia_social,2
2025-06-01,ALEGRE,objetos,2
2025-06-01,ALEGRE,patrimonial,17
2025-06-01,ALEGRE,violencia_social,13
2025-06-01,ALFREDO CHAVES,patrimonial,4
2025-06-01,ALFREDO CHAVES,violencia_social,2
2025-06-01,ALTO RIO NOVO,patrimonial,8
2025-06-01,ALTO RIO NOVO,violencia_social,2
2025-06-01,ANCHIETA,digital,4
2025-06-01,ANCHIETA,objetos,2
2025-06-01,ANCHIETA,patrimonial,23
2025-06-01,ANCHIETA,violencia_social,4
2025-06-01,APIACA,patrimonial,1
2025-06-01,APIACA,violencia_social,2
2025-06-01,ARACRUZ,digital,5
2025-06-01,ARACRUZ,objetos,36
2025-06-01,ARACRUZ,patrimonial,83
2025-06-01,ARACRUZ,violencia_social,67
2025-06-01,ATILIO VIVACQUA,patrimonial,7
2025-06-01,ATILIO VIVACQUA,violencia_social,1
2025-06-01,BAIXO GUANDU,objetos,4
2025-06-01,BAIXO GUANDU,patrimonial,27
2025-06-01,BAIXO GUANDU,violencia_social,10
2025-06-01,BARRA DE SAO FRANCISCO,objetos,7
2025-06-01,BARRA DE SAO FRANCISCO,patrimonial,47
2025-06-01,BARRA DE SAO FRANCISCO,violencia_social,26
2025-06-01,BOA ESPERANCA,patrimonial,2
2025-06-01,BOA ESPERANCA,violencia_social,9
2025-06-01,BOM JESUS DO NORTE,patrimonial,6
2025-06-01,BOM JESUS DO NORTE,violencia_social,3
2025-06-01,BREJETUBA,objetos,1
2025-06-01,BREJETUBA,patrimonial,7
2025-06-01,BREJETUBA,violencia_social,5
2025-06-01,CACHOEIRO DE ITAPEMIRIM,objetos,26
2025-06-01,CACHOEIRO DE ITAPEMIRIM,patrimonial,205
2025-06-01,CACHOEIRO DE ITAPEMIRIM,violencia_social,116
2025-06-01,CARIACICA,digital,7
2025-06-01,CARIACICA,objetos,269
2025-06-01,CARIACICA,patrimonial,591
2025-06-01,CARIACICA,violencia_social,127
2025-06-01,CASTELO,digital,5
2025-06-01,CASTELO,objetos,5
2025-06-01,CASTELO,patrimonial,46
2025-06-01,CASTELO,violencia_social,14
2025-06-01,COLATINA,digital,16
2025-06-01,COLATINA,objetos,11
2025-06-01,COLATINA,patrimonial,92
2025-06-01,COLATINA,violencia_social,96
2025-06-01,CONCEICAO DA BARRA,digital,2
2025-06-01,CONCEICAO DA BARRA,objetos,7
2025-06-01,CONCEICAO DA BARRA,patrimonial,18
2025-06-01,CONCEICAO DA BARRA,violencia_social,12
2025-06-01,CONCEICAO DO CASTELO,patrimonial,5
2025-06-01,CONCEICAO DO CASTELO,violencia_social,8
2025-06-01,DIVINO DE SAO LOURENCO,violencia_social,1
2025-06-01,DOMINGOS MARTINS,objetos,6
2025-06-01,DOMINGOS MARTINS,patrimonial,13
2025-06-01,DOMINGOS MARTINS,violencia_social,4
2025-06-01,DORES DO RIO PRETO,patrimonial,2
2025-06-01,DORES DO RIO PRETO,violencia_social,2
2025-06-01,ECOPORANGA,patrimonial,3
2025-06-01,ECOPORANGA,violencia_social,7
2025-06-01,FUNDAO,objetos,6
2025-06-01,FUNDAO,patrimonial,22
2025-06-01,FUNDAO,violencia_social,5
2025-06-01,GOVERNADOR LINDENBERG,digital,1
2025-06-01,GOVERNADOR LINDENBERG,patrimonial,4
2025-06-01,GOVERNADOR LINDENBERG,violencia_social,3
2025-06-01,GUACUI,objetos,1
2025-06-01,GUACUI,patrimonial,16
2025-06-01,GUACUI,violencia_social,11
2025-06-01,GUARAPARI,digital,1
2025-06-01,GUARAPARI,objetos,45
2025-06-01,GUARAPARI,patrimonial,159
2025-06-01,GUARAPARI,violencia_social,14
2025-06-01,IBATIBA,objetos,2
2025-06-01,IBATIBA,patrimonial,17
2025-06-01,IBATIBA,violencia_social,13
2025-06-01,IBIRACU,objetos,2
2025-06-01,IBIRACU,patrimonial,9
2025-06-01,IBIRACU,violencia_social,5
2025-06-01,IBITIRAMA,patrimonial,2
2025-06-01,IBITIRAMA,violencia_social,3
2025-06-01,ICONHA,digital,2
2025-06-01,ICONHA,objetos,1
2025-06-01,ICONHA,patrimonial,4
2025-06-01,ICONHA,violencia_social,4
2025-06-01,IRUPI,objetos,1
2025-06-01,IRUPI,patrimonial,2
2025-06-01,IRUPI,violencia_social,7
2025-06-01,ITAGUACU,objetos,2
2025-06-01,ITAGUACU,patrimonial,4
2025-06-01,ITAGUACU,violencia_social,8
2025-06-01,ITAPEMIRIM,digital,1
2025-06-01,ITAPEMIRIM,objetos,5
2025-06-01,ITAPEMIRIM,patrimonial,42
2025-06-01,ITAPEMIRIM,violencia_social,27
2025-06-01,ITARANA,objetos,1
2025-06-01,ITARANA,patrimonial,2
2025-06-01,ITARANA,violencia_social,4
2025-06-01,IUNA,objetos,5
2025-06-01,IUNA,patrimonial,22
2025-06-01,IUNA,violencia_social,10
2025-06-01,JAGUARE,objetos,1
2025-06-01,JAGUARE,patrimonial,4
2025-06-01,JAGUARE,violencia_social,8
2025-06-01,JERONIMO MONTEIRO,objetos,1
2025-06-01,JERONIMO MONTEIRO,patrimonial,5
2025-06-01,JERONIMO MONTEIRO,violencia_social,7
2025-06-01,JOAO NEIVA,objetos,3
2025-06-01,JOAO NEIVA,patrimonial,7
2025-06-01,JOAO NEIVA,violencia_social,4
2025-06-01,LARANJA DA TERRA,patrimonial,2
2025-06-01,LARANJA DA TERRA,violencia_social,2
2025-06-01,LINHARES,objetos,54
2025-06-01,LINHARES,patrimonial,137
2025-06-01,LINHARES,violencia_social,75
2025-06-01,MANTENOPOLIS,digital,3
2025-06-01,MANTENOPOLIS,objetos,4
2025-06-01,MANTENOPOLIS,patrimonial,6
2025-06-01,MARATAIZES,objetos,14
2025-06-01,MARATAIZES,patrimonial,41
2025-06-01,MARATAIZES,violencia_social,22
2025-06-01,MARECHAL FLORIANO,objetos,2
2025-06-01,MARECHAL FLORIANO,patrimonial,7
2025-06-01,MARECHAL FLORIANO,violencia_social,3
2025-06-01,MARILANDIA,objetos,1
2025-06-01,MARILANDIA,patrimonial,8
2025-06-01,MARILANDIA,violencia_social,14
2025-06-01,MIMOSO DO SUL,objetos,2
2025-06-01,MIMOSO DO SUL,patrimonial,16
2025-06-01,MIMOSO DO SUL,violencia_social,6
2025-06-01,MONTANHA,objetos,1
2025-06-01,MONTANHA,patrimonial,6
2025-06-01,MONTANHA,violencia_social,5
2025-06-01,MUCURICI,digital,1
2025-06-01,MUNIZ FREIRE,patrimonial,8
2025-06-01,MUNIZ FREIRE,violencia_social,7
2025-06-01,MUQUI,objetos,4
2025-06-01,MUQUI,patrimonial,6
2025-06-01,MUQUI,violencia_social,2
2025-06-01,NOVA VENECIA,objetos,7
2025-06-01,NOVA VENECIA,patrimonial,53
2025-06-01,NOVA VENECIA,violencia_social,30
2025-06-01,PANCAS,patrimonial,9
2025-06-01,PANCAS,violencia_social,12
2025-06-01,PEDRO CANARIO,objetos,1
2025-06-01,PEDRO CANARIO,patrimonial,11
2025-06-01,PEDRO CANARIO,violencia_social,6
2025-06-01,PINHEIROS,digital,2
2025-06-01,PINHEIROS,objetos,1
2025-06-01,PINHEIROS,patrimonial,9
2025-06-01,PINHEIROS,violencia_social,10
2025-06-01,PIUMA,objetos,9
2025-06-01,PIUMA,patrimonial,29
2025-06-01,PIUMA,violencia_social,15
2025-06-01,PONTO BELO,patrimonial,4
2025-06-01,PONTO BELO,violencia_social,1
2025-06-01,PRESIDENTE KENNEDY,patrimonial,6
2025-06-01,PRESIDENTE KENNEDY,violencia_social,11
2025-06-01,RIO BANANAL,patrimonial,9
2025-06-01,RIO BANANAL,violencia_social,10
2025-06-01,RIO NOVO DO SUL,objetos,3
2025-06-01,RIO NOVO DO SUL,patrimonial,7
2025-06-01,RIO NOVO DO SUL,violencia_social,1
2025-06-01,SANTA LEOPOLDINA,objetos,1
2025-06-01,SANTA LEOPOLDINA,patrimonial,7
2025-06-01,SANTA LEOPOLDINA,violencia_social,2
2025-06-01,SANTA MARIA DE JETIBA,digital,2
2025-06-01,SANTA MARIA DE JETIBA,objetos,7
2025-06-01,SANTA MARIA DE JETIBA,patrimonial,11
2025-06-01,SANTA MARIA DE JETIBA,violencia_social,24
2025-06-01,SANTA TERESA,digital,2
2025-06-01,SANTA TERESA,objetos,2
2025-06-01,SANTA TERESA,patrimonial,6
2025-06-01,SANTA TERESA,violencia_social,9
2025-06-01,SAO DOMINGOS DO NORTE,patrimonial,8
2025-06-01,SAO GABRIEL DA PALHA,objetos,7
2025-06-01,SAO GABRIEL DA PALHA,patrimonial,13
2025-06-01,SAO GABRIEL DA PALHA,violencia_social,15
2025-06-01,SAO JOSE DO CALCADO,patrimonial,4
2025-06-01,SAO JOSE DO CALCADO,violencia_social,7
2025-06-01,SAO MATEUS,objetos,20
2025-06-01,SAO MATEUS,patrimonial,57
2025-06-01,SAO MATEUS,violencia_social,46
2025-06-01,SAO ROQUE DO CANAA,digital,2
2025-06-01,SAO ROQUE DO CANAA,objetos,1
2025-06-01,SAO ROQUE DO CANAA,patrimonial,5
2025-06-01,SAO ROQUE DO CANAA,violencia_social,2
2025-06-01,SERRA,digital,25
2025-06-01,SERRA,objetos,359
2025-06-01,SERRA,patrimonial,764
2025-06-01,SERRA,violencia_social,219
2025-06-01,SOORETAMA,objetos,3
2025-06-01,SOORETAMA,patrimonial,12
2025-06-01,SOORETAMA,violencia_social,7
2025-06-01,VARGEM ALTA,digital,2
2025-06-01,VARGEM ALTA,patrimonial,7
2025-06-01,VARGEM ALTA,violencia_social,9
2025-06-01,VENDA NOVA DO IMIGRANTE,objetos,2
2025-06-01,VENDA NOVA DO IMIGRANTE,patrimonial,15
2025-06-01,VENDA NOVA DO IMIGRANTE,violencia_social,8
2025-06-01,VIANA,digital,1
2025-06-01,VIANA,objetos,17
2025-06-01,VIANA,patrimonial,80
2025-06-01,VIANA,violencia_social,30
2025-06-01,VILA PAVAO,patrimonial,6
2025-06-01,VILA PAVAO,violencia_social,2
2025-06-01,VILA VALERIO,objetos,1
2025-06-01,VILA VALERIO,patrimonial,5
2025-06-01,VILA VALERIO,violencia_social,1
2025-06-01,VILA VELHA,digital,10
2025-06-01,VILA VELHA,objetos,367
2025-06-01,VILA VELHA,patrimonial,914
2025-06-01,VILA VELHA,violencia_social,165
2025-06-01,VITORIA,digital,27
2025-06-01,VITORIA,objetos,203
2025-06-01,VITORIA,patrimonial,719
2025-06-01,VITORIA,violencia_social,99
2025-07-01,AFONSO CLAUDIO,objetos,3
2025-07-01,AFONSO CLAUDIO,patrimonial,19
2025-07-01,AFONSO CLAUDIO,violencia_social,21
2025-07-01,AGUA DOCE DO NORTE,patrimonial,1
2025-07-01,AGUA DOCE DO NORTE,violencia_social,3
2025-07-01,AGUIA BRANCA,violencia_social,3
2025-07-01,ALEGRE,objetos,4
2025-07-01,ALEGRE,patrimonial,14
2025-07-01,ALEGRE,violencia_social,18
2025-07-01,ALFREDO CHAVES,objetos,3
2025-07-01,ALFREDO CHAVES,patrimonial,14
2025-07-01,ALFREDO CHAVES,violencia_social,3
2025-07-01,ALTO RIO NOVO,patrimonial,6
2025-07-01,ALTO RIO NOVO,violencia_social,10
2025-07-01,ANCHIETA,digital,7
2025-07-01,ANCHIETA,objetos,9
2025-07-01,ANCHIETA,patrimonial,33
2025-07-01,ANCHIETA,violencia_social,10
2025-07-01,APIACA,patrimonial,2
2025-07-01,APIACA,violencia_social,1
2025-07-01,ARACRUZ,digital,4
2025-07-01,ARACRUZ,objetos,27
2025-07-01,ARACRUZ,patrimonial,95
2025-07-01,ARACRUZ,violencia_social,61
2025-07-01,ATILIO VIVACQUA,objetos,2
2025-07-01,ATILIO VIVACQUA,patrimonial,5
2025-07-01,ATILIO VIVACQUA,violencia_social,2
2025-07-01,BAIXO GUANDU,objetos,2
2025-07-01,BAIXO GUANDU,patrimonial,32
2025-07-01,BAIXO GUANDU,violencia_social,20
2025-07-01,BARRA DE SAO FRANCISCO,objetos,3
2025-07-01,BARRA DE SAO FRANCISCO,patrimonial,36
2025-07-01,BARRA DE SAO FRANCISCO,violencia_social,29
2025-07-01,BOA ESPERANCA,patrimonial,6
2025-07-01,BOA ESPERANCA,violencia_social,7
2025-07-01,BOM JESUS DO NORTE,objetos,2
2025-07-01,BOM JESUS DO NORTE,patrimonial,4
2025-07-01,BOM JESUS DO NORTE,violencia_social,3
2025-07-01,BREJETUBA,patrimonial,3
2025-07-01,BREJETUBA,violencia_social,3
2025-07-01,CACHOEIRO DE ITAPEMIRIM,digital,3
2025-07-01,CACHOEIRO DE ITAPEMIRIM,objetos,37
2025-07-01,CACHOEIRO DE ITAPEMIRIM,patrimonial,221
2025-07-01,CACHOEIRO DE ITAPEMIRIM,violencia_social,102
2025-07-01,CARIACICA,digital,10
2025-07-01,CARIACICA,objetos,363
2025-07-01,CARIACICA,patrimonial,639
2025-07-01,CARIACICA,violencia_social,103
2025-07-01,CASTELO,digital,9
2025-07-01,CASTELO,objetos,4
2025-07-01,CASTELO,patrimonial,41
2025-07-01,CASTELO,violencia_social,21
2025-07-01,COLATINA,digital,22
2025-07-01,COLATINA,objetos,15
2025-07-01,COLATINA,patrimonial,118
2025-07-01,COLATINA,violencia_social,76
2025-07-01,CONCEICAO DA BARRA,objetos,3
2025-07-01,CONCEICAO DA BARRA,patrimonial,28
2025-07-01,CONCEICAO DA BARRA,violencia_social,17
2025-07-01,CONCEICAO DO CASTELO,digital,1
2025-07-01,CONCEICAO DO CASTELO,patrimonial,3
2025-07-01,CONCEICAO DO CASTELO,violencia_social,5
2025-07-01,DIVINO DE SAO LOURENCO,objetos,1
2025-07-01,DIVINO DE SAO LOURENCO,patrimonial,1
2025-07-01,DOMINGOS MARTINS,patrimonial,10
2025-07-01,DOMINGOS MARTINS,violencia_social,4
2025-07-01,DORES DO RIO PRETO,patrimonial,2
2025-07-01,DORES DO RIO PRETO,violencia_social,1
2025-07-01,ECOPORANGA,digital,3
2025-07-01,ECOPORANGA,patrimonial,2
2025-07-01,ECOPORANGA,violencia_social,2
2025-07-01,FUNDAO,digital,2
2025-07-01,FUNDAO,patrimonial,13
2025-07-01,FUNDAO,violencia_social,12
2025-07-01,GOVERNADOR LINDENBERG,patrimonial,9
2025-07-01,GOVERNADOR LINDENBERG,violencia_social,1
2025-07-01,GUACUI,digital,1
2025-07-01,GUACUI,objetos,6
2025-07-01,GUACUI,patrimonial,19
2025-07-01,GUACUI,violencia_social,13
2025-07-01,GUARAPARI,digital,3
2025-07-01,GUARAPARI,objetos,58
2025-07-01,GUARAPARI,patrimonial,222
2025-07-01,GUARAPARI,violencia_social,49
2025-07-01,IBATIBA,objetos,3
2025-07-01,IBATIBA,patrimonial,19
2025-07-01,IBATIBA,violencia_social,10
2025-07-01,IBIRACU,patrimonial,7
2025-07-01,IBIRACU,violencia_social,12
2025-07-01,IBITIRAMA,patrimonial,4
2025-07-01,ICONHA,objetos,1
2025-07-01,ICONHA,patrimonial,8
2025-07-01,ICONHA,violencia_social,1
2025-07-01,IRUPI,objetos,1
2025-07-01,IRUPI,patrimonial,7
2025-07-01,IRUPI,violencia_social,5
2025-07-01,ITAGUACU,objetos,1
2025-07-01,ITAGUACU,patrimonial,7
2025-07-01,ITAGUACU,violencia_social,10
2025-07-01,ITAPEMIRIM,objetos,11
2025-07-01,ITAPEMIRIM,patrimonial,52
2025-07-01,ITAPEMIRIM,violencia_social,17
2025-07-01,ITARANA,patrimonial,7
2025-07-01,ITARANA,violencia_social,5
2025-07-01,IUNA,objetos,1
2025-07-01,IUNA,patrimonial,22
2025-07-01,IUNA,violencia_social,11
2025-07-01,JAGUARE,objetos,2
2025-07-01,JAGUARE,patrimonial,12
2025-07-01,JAGUARE,violencia_social,4
2025-07-01,JERONIMO MONTEIRO,objetos,2
2025-07-01,JERONIMO MONTEIRO,patrimonial,5
2025-07-01,JERONIMO MONTEIRO,violencia_social,5
2025-07-01,JOAO NEIVA,objetos,6
2025-07-01,JOAO NEIVA,patrimonial,9
2025-07-01,JOAO NEIVA,violencia_social,12
2025-07-01,LARANJA DA TERRA,objetos,2
2025-07-01,LARANJA DA TERRA,patrimonial,5
2025-07-01,LARANJA DA TERRA,violencia_social,4
2025-07-01,LINHARES,objetos,70
2025-07-01,LINHARES,patrimonial,180
2025-07-01,LINHARES,violencia_social,65
2025-07-01,MANTENOPOLIS,objetos,1
2025-07-01,MANTENOPOLIS,patrimonial,3
2025-07-01,MANTENOPOLIS,violencia_social,4
2025-07-01,MARATAIZES,objetos,11
2025-07-01,MARATAIZES,patrimonial,46
2025-07-01,MARATAIZES,violencia_social,25
2025-07-01,MARECHAL FLORIANO,objetos,3
2025-07-01,MARECHAL FLORIANO,patrimonial,6
2025-07-01,MARECHAL FLORIANO,violencia_social,7
2025-07-01,MARILANDIA,objetos,2
2025-07-01,MARILANDIA,patrimonial,9
2025-07-01,MARILANDIA,violencia_social,5
2025-07-01,MIMOSO DO SUL,objetos,6
2025-07-01,MIMOSO DO SUL,patrimonial,13
2025-07-01,MIMOSO DO SUL,violencia_social,9
2025-07-01,MONTANHA,objetos,2
2025-07-01,MONTANHA,patrimonial,14
2025-07-01,MONTANHA,violencia_social,7
2025-07-01,MUCURICI,objetos,1
2025-07-01,MUCURICI,patrimonial,1
2025-07-01,MUCURICI,violencia_social,2
2025-07-01,MUNIZ FREIRE,patrimonial,17
2025-07-01,MUNIZ FREIRE,violencia_social,7
2025-07-01,MUQUI,objetos,2
2025-07-01,MUQUI,patrimonial,11
2025-07-01,MUQUI,violencia_social,5
2025-07-01,NOVA VENECIA,objetos,4
2025-07-01,NOVA VENECIA,patrimonial,34
2025-07-01,NOVA VENECIA,violencia_social,34
2025-07-01,PANCAS,objetos,1
2025-07-01,PANCAS,patrimonial,14
2025-07-01,PANCAS,violencia_social,13
2025-07-01,PEDRO CANARIO,objetos,3
2025-07-01,PEDRO CANARIO,patrimonial,8
2025-07-01,PEDRO CANARIO,violencia_social,9
2025-07-01,PINHEIROS,digital,4
2025-07-01,PINHEIROS,objetos,1
2025-07-01,PINHEIROS,patrimonial,7
2025-07-01,PINHEIROS,violencia_social,14
2025-07-01,PIUMA,objetos,1
2025-07-01,PIUMA,patrimonial,20
2025-07-01,PIUMA,violencia_social,13
2025-07-01,PONTO BELO,digital,1
2025-07-01,PONTO BELO,patrimonial,2
2025-07-01,PONTO BELO,violencia_social,2
2025-07-01,PRESIDENTE KENNEDY,objetos,2
2025-07-01,PRESIDENTE KENNEDY,patrimonial,9
2025-07-01,PRESIDENTE KENNEDY,violencia_social,5
2025-07-01,RIO BANANAL,objetos,2
2025-07-01,RIO BANANAL,patrimonial,3
2025-07-01,RIO BANANAL,violencia_social,10
2025-07-01,RIO NOVO DO SUL,objetos,3
2025-07-01,RIO NOVO DO SUL,patrimonial,6
2025-07-01,RIO NOVO DO SUL,violencia_social,3
2025-07-01,SANTA LEOPOLDINA,objetos,2
2025-07-01,SANTA LEOPOLDINA,patrimonial,8
2025-07-01,SANTA LEOPOLDINA,violencia_social,2
2025-07-01,SANTA MARIA DE JETIBA,objetos,6
2025-07-01,SANTA MARIA DE JETIBA,patrimonial,21
2025-07-01,SANTA MARIA DE JETIBA,violencia_social,13
2025-07-01,SANTA TERESA,digital,1
2025-07-01,SANTA TERESA,objetos,7
2025-07-01,SANTA TERESA,patrimonial,19
2025-07-01,SANTA TERESA,violencia_social,4
2025-07-01,SAO DOMINGOS DO NORTE,objetos,2
2025-07-01,SAO DOMINGOS DO NORTE,patrimonial,4
2025-07-01,SAO DOMINGOS DO NORTE,violencia_social,1
2025-07-01,SAO GABRIEL DA PALHA,objetos,3
2025-07-01,SAO GABRIEL DA PALHA,patrimonial,16
2025-07-01,SAO GABRIEL DA PALHA,violencia_social,18
2025-07-01,SAO JOSE DO CALCADO,objetos,1
2025-07-01,SAO JOSE DO CALCADO,patrimonial,1
2025-07-01,SAO JOSE DO CALCADO,violencia_social,4
2025-07-01,SAO MATEUS,objetos,16
2025-07-01,SAO MATEUS,patrimonial,39
2025-07-01,SAO MATEUS,violencia_social,38
2025-07-01,SAO ROQUE DO CANAA,patrimonial,1
2025-07-01,SAO ROQUE DO CANAA,violencia_social,6
2025-07-01,SERRA,digital,33
2025-07-01,SERRA,objetos,318
2025-07-01,SERRA,patrimonial,798
2025-07-01,SERRA,violencia_social,222
2025-07-01,SOORETAMA,objetos,12
2025-07-01,SOORETAMA,patrimonial,13
2025-07-01,SOORETAMA,violencia_social,6
2025-07-01,VARGEM ALTA,digital,1
2025-07-01,VARGEM ALTA,objetos,1
2025-07-01,VARGEM ALTA,patrimonial,12
2025-07-01,VARGEM ALTA,violencia_social,11
2025-07-01,VENDA NOVA DO IMIGRANTE,patrimonial,17
2025-07-01,VENDA NOVA DO IMIGRANTE,violencia_social,5
2025-07-01,VIANA,digital,1
2025-07-01,VIANA,objetos,18
2025-07-01,VIANA,patrimonial,84
2025-07-01,VIANA,violencia_social,30
2025-07-01,VILA PAVAO,patrimonial,7
2025-07-01,VILA PAVAO,violencia_social,3
2025-07-01,VILA VALERIO,objetos,1
2025-07-01,VILA VALERIO,patrimonial,4
2025-07-01,VILA VALERIO,violencia_social,1
2025-07-01,VILA VELHA,digital,12
2025-07-01,VILA VELHA,objetos,362
2025-07-01,VILA VELHA,patrimonial,957
2025-07-01,VILA VELHA,violencia_social,159
2025-07-01,VITORIA,digital,25
2025-07-01,VITORIA,objetos,297
2025-07-01,VITORIA,patrimonial,790
2025-07-01,VITORIA,violencia_social,110
2025-08-01,AFONSO CLAUDIO,patrimonial,11
2025-08-01,AFONSO CLAUDIO,violencia_social,11
2025-08-01,AGUA DOCE DO NORTE,patrimonial,5
2025-08-01,AGUA DOCE DO NORTE,violencia_social,8
2025-08-01,AGUIA BRANCA,digital,1
2025-08-01,AGUIA BRANCA,objetos,1
2025-08-01,AGUIA BRANCA,patrimonial,1
2025-08-01,AGUIA BRANCA,violencia_social,2
2025-08-01,ALEGRE,objetos,5
2025-08-01,ALEGRE,patrimonial,16
2025-08-01,ALEGRE,violencia_social,16
2025-08-01,ALFREDO CHAVES,digital,2
2025-08-01,ALFREDO CHAVES,objetos,4
2025-08-01,ALFREDO CHAVES,patrimonial,14
2025-08-01,ALFREDO CHAVES,violencia_social,8
2025-08-01,ALTO RIO NOVO,patrimonial,11
2025-08-01,ALTO RIO NOVO,violencia_social,7
2025-08-01,ANCHIETA,digital,9
2025-08-01,ANCHIETA,objetos,2
2025-08-01,ANCHIETA,patrimonial,18
2025-08-01,ANCHIETA,violencia_social,14
2025-08-01,APIACA,objetos,1
2025-08-01,APIACA,patrimonial,3
2025-08-01,APIACA,violencia_social,1
2025-08-01,ARACRUZ,digital,4
2025-08-01,ARACRUZ,objetos,37
2025-08-01,ARACRUZ,patrimonial,87
2025-08-01,ARACRUZ,violencia_social,78
2025-08-01,ATILIO VIVACQUA,objetos,2
2025-08-01,ATILIO VIVACQUA,patrimonial,6
2025-08-01,ATILIO VIVACQUA,violencia_social,5
2025-08-01,BAIXO GUANDU,objetos,3
2025-08-01,BAIXO GUANDU,patrimonial,25
2025-08-01,BAIXO GUANDU,violencia_social,19
2025-08-01,BARRA DE SAO FRANCISCO,objetos,6
2025-08-01,BARRA DE SAO FRANCISCO,patrimonial,47
2025-08-01,BARRA DE SAO FRANCISCO,violencia_social,25
2025-08-01,BOA ESPERANCA,objetos,1
2025-08-01,BOA ESPERANCA,patrimonial,6
2025-08-01,BOA ESPERANCA,violencia_social,9
2025-08-01,BOM JESUS DO NORTE,violencia_social,4
2025-08-01,BREJETUBA,objetos,2
2025-08-01,BREJETUBA,patrimonial,6
2025-08-01,BREJETUBA,violencia_social,8
2025-08-01,CACHOEIRO DE ITAPEMIRIM,digital,6
2025-08-01,CACHOEIRO DE ITAPEMIRIM,objetos,29
2025-08-01,CACHOEIRO DE ITAPEMIRIM,patrimonial,175
2025-08-01,CACHOEIRO DE ITAPEMIRIM,violencia_social,109
2025-08-01,CARIACICA,digital,6
2025-08-01,CARIACICA,objetos,278
2025-08-01,CARIACICA,patrimonial,575
2025-08-01,CARIACICA,violencia_social,127
2025-08-01,CASTELO,digital,4
2025-08-01,CASTELO,objetos,2
2025-08-01,CASTELO,patrimonial,39
2025-08-01,CASTELO,violencia_social,21
2025-08-01,COLATINA,digital,13
2025-08-01,COLATINA,objetos,42
2025-08-01,COLATINA,patrimonial,183
2025-08-01,COLATINA,violencia_social,94
2025-08-01,CONCEICAO DA BARRA,objetos,10
2025-08-01,CONCEICAO DA BARRA,patrimonial,25
2025-08-01,CONCEICAO DA BARRA,violencia_social,14
2025-08-01,CONCEICAO DO CASTELO,patrimonial,9
2025-08-01,CONCEICAO DO CASTELO,violencia_social,12
2025-08-01,DIVINO DE SAO LOURENCO,patrimonial,1
2025-08-01,DOMINGOS MARTINS,objetos,3
2025-08-01,DOMINGOS MARTINS,patrimonial,9
2025-08-01,DOMINGOS MARTINS,violencia_social,9
2025-08-01,DORES DO RIO PRETO,patrimonial,4
2025-08-01,ECOPORANGA,patrimonial,6
2025-08-01,ECOPORANGA,violencia_social,7
2025-08-01,FUNDAO,objetos,4
2025-08-01,FUNDAO,patrimonial,10
2025-08-01,FUNDAO,violencia_social,12
2025-08-01,GOVERNADOR LINDENBERG,patrimonial,1
2025-08-01,GOVERNADOR LINDENBERG,violencia_social,5
2025-08-01,GUACUI,objetos,3
2025-08-01,GUACUI,patrimonial,14
2025-08-01,GUACUI,violencia_social,12
2025-08-01,GUARAPARI,digital,2
2025-08-01,GUARAPARI,objetos,42
2025-08-01,GUARAPARI,patrimonial,179
2025-08-01,GUARAPARI,violencia_social,29
2025-08-01,IBATIBA,objetos,3
2025-08-01,IBATIBA,patrimonial,10
2025-08-01,IBATIBA,violencia_social,6
2025-08-01,IBIRACU,objetos,1
2025-08-01,IBIRACU,patrimonial,4
2025-08-01,IBIRACU,violencia_social,7
2025-08-01,IBITIRAMA,patrimonial,2
2025-08-01,IBITIRAMA,violencia_social,1
2025-08-01,ICONHA,objetos,1
2025-08-01,ICONHA,patrimonial,9
2025-08-01,ICONHA,violencia_social,1
2025-08-01,IRUPI,patrimonial,4
2025-08-01,IRUPI,violencia_social,8
2025-08-01,ITAGUACU,objetos,4
2025-08-01,ITAGUACU,patrimonial,8
2025-08-01,ITAGUACU,violencia_social,6
2025-08-01,ITAPEMIRIM,objetos,8
2025-08-01,ITAPEMIRIM,patrimonial,35
2025-08-01,ITAPEMIRIM,violencia_social,28
2025-08-01,ITARANA,patrimonial,7
2025-08-01,ITARANA,violencia_social,2
2025-08-01,IUNA,objetos,3
2025-08-01,IUNA,patrimonial,29
2025-08-01,IUNA,violencia_social,13
2025-08-01,JAGUARE,objetos,1
2025-08-01,JAGUARE,patrimonial,10
2025-08-01,JAGUARE,violencia_social,10
2025-08-01,JERONIMO MONTEIRO,objetos,2
2025-08-01,JERONIMO MONTEIRO,patrimonial,5
2025-08-01,JERONIMO MONTEIRO,violencia_social,10
2025-08-01,JOAO NEIVA,objetos,1
2025-08-01,JOAO NEIVA,patrimonial,7
2025-08-01,JOAO NEIVA,violencia_social,12
2025-08-01,LARANJA DA TERRA,patrimonial,2
2025-08-01,LARANJA DA TERRA,violencia_social,7
2025-08-01,LINHARES,objetos,52
2025-08-01,LINHARES,patrimonial,156
2025-08-01,LINHARES,violencia_social,77
2025-08-01,MANTENOPOLIS,digital,4
2025-08-01,MANTENOPOLIS,patrimonial,3
2025-08-01,MANTENOPOLIS,violencia_social,6
2025-08-01,MARATAIZES,objetos,13
2025-08-01,MARATAIZES,patrimonial,44
2025-08-01,MARATAIZES,violencia_social,29
2025-08-01,MARECHAL FLORIANO,patrimonial,10
2025-08-01,MARECHAL FLORIANO,violencia_social,4
2025-08-01,MARILANDIA,objetos,2
2025-08-01,MARILANDIA,patrimonial,16
2025-08-01,MARILANDIA,violencia_social,6
2025-08-01,MIMOSO DO SUL,objetos,3
2025-08-01,MIMOSO DO SUL,patrimonial,8
2025-08-01,MIMOSO DO SUL,violencia_social,5
2025-08-01,MONTANHA,objetos,4
2025-08-01,MONTANHA,patrimonial,9
2025-08-01,MONTANHA,violencia_social,7
2025-08-01,MUCURICI,patrimonial,1
2025-08-01,MUCURICI,violencia_social,6
2025-08-01,MUNIZ FREIRE,objetos,1
2025-08-01,MUNIZ FREIRE,patrimonial,5
2025-08-01,MUNIZ FREIRE,violencia_social,4
2025-08-01,MUQUI,objetos,1
2025-08-01,MUQUI,patrimonial,12
2025-08-01,MUQUI,violencia_social,4
2025-08-01,NOVA VENECIA,objetos,3
2025-08-01,NOVA VENECIA,patrimonial,43
2025-08-01,NOVA VENECIA,violencia_social,25
2025-08-01,PANCAS,objetos,2
2025-08-01,PANCAS,patrimonial,11
2025-08-01,PANCAS,violencia_social,7
2025-08-01,PEDRO CANARIO,objetos,2
2025-08-01,PEDRO CANARIO,patrimonial,10
2025-08-01,PEDRO CANARIO,violencia_social,4
2025-08-01,PINHEIROS,digital,4
2025-08-01,PINHEIROS,objetos,3
2025-08-01,PINHEIROS,patrimonial,13
2025-08-01,PINHEIROS,violencia_social,13
2025-08-01,PIUMA,objetos,9
2025-08-01,PIUMA,patrimonial,30
2025-08-01,PIUMA,violencia_social,16
2025-08-01,PONTO BELO,objetos,1
2025-08-01,PRESIDENTE KENNEDY,patrimonial,8
2025-08-01,PRESIDENTE KENNEDY,violencia_social,8
2025-08-01,RIO BANANAL,patrimonial,8
2025-08-01,RIO NOVO DO SUL,patrimonial,3
2025-08-01,RIO NOVO DO SUL,violencia_social,1
2025-08-01,SANTA LEOPOLDINA,patrimonial,3
2025-08-01,SANTA LEOPOLDINA,violencia_social,4
2025-08-01,SANTA MARIA DE JETIBA,digital,1
2025-08-01,SANTA MARIA DE JETIBA,objetos,9
2025-08-01,SANTA MARIA DE JETIBA,patrimonial,23
2025-08-01,SANTA MARIA DE JETIBA,violencia_social,24
2025-08-01,SANTA TERESA,objetos,2
2025-08-01,SANTA TERESA,patrimonial,23
2025-08-01,SANTA TERESA,violencia_social,6
2025-08-01,SAO DOMINGOS DO NORTE,patrimonial,2
2025-08-01,SAO DOMINGOS DO NORTE,violencia_social,2
2025-08-01,SAO GABRIEL DA PALHA,objetos,4
2025-08-01,SAO GABRIEL DA PALHA,patrimonial,16
2025-08-01,SAO GABRIEL DA PALHA,violencia_social,12
2025-08-01,SAO JOSE DO CALCADO,objetos,2
2025-08-01,SAO JOSE DO CALCADO,patrimonial,6
2025-08-01,SAO JOSE DO CALCADO,violencia_social,8
2025-08-01,SAO MATEUS,objetos,19
2025-08-01,SAO MATEUS,patrimonial,43
2025-08-01,SAO MATEUS,violencia_social,56
2025-08-01,SAO ROQUE DO CANAA,objetos,1
2025-08-01,SAO ROQUE DO CANAA,patrimonial,3
2025-08-01,SAO ROQUE DO CANAA,violencia_social,4
2025-08-01,SERRA,digital,70
2025-08-01,SERRA,objetos,338
2025-08-01,SERRA,patrimonial,829
2025-08-01,SERRA,violencia_social,222
2025-08-01,SOORETAMA,objetos,2
2025-08-01,SOORETAMA,patrimonial,9
2025-08-01,SOORETAMA,violencia_social,5
2025-08-01,VARGEM ALTA,digital,2
2025-08-01,VARGEM ALTA,objetos,15
2025-08-01,VARGEM ALTA,patrimonial,12
2025-08-01,VARGEM ALTA,violencia_social,13
2025-08-01,VENDA NOVA DO IMIGRANTE,digital,1
2025-08-01,VENDA NOVA DO IMIGRANTE,objetos,2
2025-08-01,VENDA NOVA DO IMIGRANTE,patrimonial,27
2025-08-01,VENDA NOVA DO IMIGRANTE,violencia_social,12
2025-08-01,VIANA,digital,2
2025-08-01,VIANA,objetos,11
2025-08-01,VIANA,patrimonial,60
2025-08-01,VIANA,violencia_social,28
2025-08-01,VILA PAVAO,objetos,2
2025-08-01,VILA PAVAO,patrimonial,2
2025-08-01,VILA PAVAO,violencia_social,4
2025-08-01,VILA VALERIO,patrimonial,3
2025-08-01,VILA VALERIO,violencia_social,4
2025-08-01,VILA VELHA,digital,6
2025-08-01,VILA VELHA,objetos,379
2025-08-01,VILA VELHA,patrimonial,1021
2025-08-01,VILA VELHA,violencia_social,206
2025-08-01,VITORIA,digital,26
2025-08-01,VITORIA,objetos,272
2025-08-01,VITORIA,patrimonial,798
2025-08-01,VITORIA,violencia_social,100
2025-09-01,AFONSO CLAUDIO,objetos,3
2025-09-01,AFONSO CLAUDIO,patrimonial,12
2025-09-01,AFONSO CLAUDIO,violencia_social,14
2025-09-01,AGUA DOCE DO NORTE,patrimonial,8
2025-09-01,AGUA DOCE DO NORTE,violencia_social,5
2025-09-01,AGUIA BRANCA,patrimonial,1
2025-09-01,AGUIA BRANCA,violencia_social,3
2025-09-01,ALEGRE,patrimonial,12
2025-09-01,ALEGRE,violencia_social,11
2025-09-01,ALFREDO CHAVES,digital,1
2025-09-01,ALFREDO CHAVES,objetos,1
2025-09-01,ALFREDO CHAVES,patrimonial,11
2025-09-01,ALFREDO CHAVES,violencia_social,1
2025-09-01,ALTO RIO NOVO,patrimonial,3
2025-09-01,ALTO RIO NOVO,violencia_social,5
2025-09-01,ANCHIETA,digital,7
2025-09-01,ANCHIETA,objetos,1
2025-09-01,ANCHIETA,patrimonial,13
2025-09-01,ANCHIETA,violencia_social,19
2025-09-01,APIACA,objetos,2
2025-09-01,APIACA,patrimonial,1
2025-09-01,APIACA,violencia_social,1
2025-09-01,ARACRUZ,objetos,53
2025-09-01,ARACRUZ,patrimonial,89
2025-09-01,ARACRUZ,violencia_social,74
2025-09-01,ATILIO VIVACQUA,objetos,2
2025-09-01,ATILIO VIVACQUA,patrimonial,5
2025-09-01,ATILIO VIVACQUA,violencia_social,4
2025-09-01,BAIXO GUANDU,objetos,2
2025-09-01,BAIXO GUANDU,patrimonial,25
2025-09-01,BAIXO GUANDU,violencia_social,23
2025-09-01,BARRA DE SAO FRANCISCO,objetos,4
2025-09-01,BARRA DE SAO FRANCISCO,patrimonial,30
2025-09-01,BARRA DE SAO FRANCISCO,violencia_social,33
2025-09-01,BOA ESPERANCA,objetos,1
2025-09-01,BOA ESPERANCA,patrimonial,2
2025-09-01,BOA ESPERANCA,violencia_social,3
2025-09-01,BOM JESUS DO NORTE,patrimonial,3
2025-09-01,BOM JESUS DO NORTE,violencia_social,7
2025-09-01,BREJETUBA,patrimonial,2
2025-09-01,BREJETUBA,violencia_social,8
2025-09-01,CACHOEIRO DE ITAPEMIRIM,digital,1
2025-09-01,CACHOEIRO DE ITAPEMIRIM,objetos,23
2025-09-01,CACHOEIRO DE ITAPEMIRIM,patrimonial,171
2025-09-01,CACHOEIRO DE ITAPEMIRIM,violencia_social,101
2025-09-01,CARIACICA,digital,6
2025-09-01,CARIACICA,objetos,276
2025-09-01,CARIACICA,patrimonial,550
2025-09-01,CARIACICA,violencia_social,113
2025-09-01,CASTELO,digital,4
2025-09-01,CASTELO,objetos,7
2025-09-01,CASTELO,patrimonial,35
2025-09-01,CASTELO,violencia_social,17
2025-09-01,COLATINA,digital,17
2025-09-01,COLATINA,objetos,15
2025-09-01,COLATINA,patrimonial,102
2025-09-01,COLATINA,violencia_social,59
2025-09-01,CONCEICAO DA BARRA,digital,1
2025-09-01,CONCEICAO DA BARRA,objetos,1
2025-09-01,CONCEICAO DA BARRA,patrimonial,12
2025-09-01,CONCEICAO DA BARRA,violencia_social,11
2025-09-01,CONCEICAO DO CASTELO,objetos,1
2025-09-01,CONCEICAO DO CASTELO,patrimonial,7
2025-09-01,CONCEICAO DO CASTELO,violencia_social,10
2025-09-01,DIVINO DE SAO LOURENCO,patrimonial,1
2025-09-01,DIVINO DE SAO LOURENCO,violencia_social,1
2025-09-01,DOMINGOS MARTINS,objetos,3
2025-09-01,DOMINGOS MARTINS,patrimonial,7
2025-09-01,DOMINGOS MARTINS,violencia_social,2
2025-09-01,DORES DO RIO PRETO,patrimonial,2
2025-09-01,DORES DO RIO PRETO,violencia_social,2
2025-09-01,ECOPORANGA,patrimonial,2
2025-09-01,ECOPORANGA,violencia_social,3
2025-09-01,FUNDAO,objetos,7
2025-09-01,FUNDAO,patrimonial,13
2025-09-01,FUNDAO,violencia_social,2
2025-09-01,GOVERNADOR LINDENBERG,patrimonial,2
2025-09-01,GUACUI,objetos,2
2025-09-01,GUACUI,patrimonial,13
2025-09-01,GUACUI,violencia_social,11
2025-09-01,GUARAPARI,objetos,58
2025-09-01,GUARAPARI,patrimonial,160
2025-09-01,GUARAPARI,violencia_social,44
2025-09-01,IBATIBA,objetos,9
2025-09-01,IBATIBA,patrimonial,10
2025-09-01,IBATIBA,violencia_social,7
2025-09-01,IBIRACU,patrimonial,10
2025-09-01,IBIRACU,violencia_social,8
2025-09-01,IBITIRAMA,patrimonial,2
2025-09-01,IBITIRAMA,violencia_social,3
2025-09-01,ICONHA,digital,1
2025-09-01,ICONHA,objetos,1
2025-09-01,ICONHA,patrimonial,7
2025-09-01,ICONHA,violencia_social,4
2025-09-01,IRUPI,patrimonial,3
2025-09-01,IRUPI,violencia_social,4
2025-09-01,ITAGUACU,objetos,1
2025-09-01,ITAGUACU,patrimonial,10
2025-09-01,ITAGUACU,violencia_social,9
2025-09-01,ITAPEMIRIM,objetos,4
2025-09-01,ITAPEMIRIM,patrimonial,29
2025-09-01,ITAPEMIRIM,violencia_social,22
2025-09-01,ITARANA,patrimonial,1
2025-09-01,ITARANA,violencia_social,1
2025-09-01,IUNA,objetos,4
2025-09-01,IUNA,patrimonial,20
2025-09-01,IUNA,violencia_social,20
2025-09-01,JAGUARE,objetos,4
2025-09-01,JAGUARE,patrimonial,4
2025-09-01,JAGUARE,violencia_social,7
2025-09-01,JERONIMO MONTEIRO,patrimonial,5
2025-09-01,JERONIMO MONTEIRO,violencia_social,6
2025-09-01,JOAO NEIVA,objetos,1
2025-09-01,JOAO NEIVA,patrimonial,12
2025-09-01,JOAO NEIVA,violencia_social,8
2025-09-01,LARANJA DA TERRA,patrimonial,3
2025-09-01,LARANJA DA TERRA,violencia_social,1
2025-09-01,LINHARES,objetos,54
2025-09-01,LINHARES,patrimonial,136
2025-09-01,LINHARES,violencia_social,63
2025-09-01,MANTENOPOLIS,digital,2
2025-09-01,MANTENOPOLIS,patrimonial,3
2025-09-01,MANTENOPOLIS,violencia_social,2
2025-09-01,MARATAIZES,objetos,18
2025-09-01,MARATAIZES,patrimonial,61
2025-09-01,MARATAIZES,violencia_social,29
2025-09-01,MARECHAL FLORIANO,objetos,1
2025-09-01,MARECHAL FLORIANO,patrimonial,5
2025-09-01,MARECHAL FLORIANO,violencia_social,2
2025-09-01,MARILANDIA,objetos,1
2025-09-01,MARILANDIA,patrimonial,9
2025-09-01,MARILANDIA,violencia_social,8
2025-09-01,MIMOSO DO SUL,objetos,4
2025-09-01,MIMOSO DO SUL,patrimonial,3
2025-09-01,MIMOSO DO SUL,violencia_social,13
2025-09-01,MONTANHA,digital,1
2025-09-01,MONTANHA,objetos,3
2025-09-01,MONTANHA,patrimonial,8
2025-09-01,MONTANHA,violencia_social,10
2025-09-01,MUCURICI,objetos,2
2025-09-01,MUCURICI,patrimonial,4
2025-09-01,MUCURICI,violencia_social,2
2025-09-01,MUNIZ FREIRE,patrimonial,10
2025-09-01,MUNIZ FREIRE,violencia_social,9
2025-09-01,MUQUI,patrimonial,6
2025-09-01,MUQUI,violencia_social,4
2025-09-01,NOVA VENECIA,objetos,5
2025-09-01,NOVA VENECIA,patrimonial,39
2025-09-01,NOVA VENECIA,violencia_social,24
2025-09-01,PANCAS,objetos,1
2025-09-01,PANCAS,patrimonial,9
2025-09-01,PANCAS,violencia_social,8
2025-09-01,PEDRO CANARIO,digital,1
2025-09-01,PEDRO CANARIO,objetos,3
2025-09-01,PEDRO CANARIO,patrimonial,17
2025-09-01,PEDRO CANARIO,violencia_social,5
2025-09-01,PINHEIROS,digital,1
2025-09-01,PINHEIROS,objetos,6
2025-09-01,PINHEIROS,patrimonial,8
2025-09-01,PINHEIROS,violencia_social,12
2025-09-01,PIUMA,objetos,1
2025-09-01,PIUMA,patrimonial,23
2025-09-01,PIUMA,violencia_social,12
2025-09-01,PONTO BELO,violencia_social,5
2025-09-01,PRESIDENTE KENNEDY,patrimonial,4
2025-09-01,PRESIDENTE KENNEDY,violencia_social,6
2025-09-01,RIO BANANAL,patrimonial,3
2025-09-01,RIO BANANAL,violencia_social,5
2025-09-01,RIO NOVO DO SUL,objetos,1
2025-09-01,RIO NOVO DO SUL,patrimonial,8
2025-09-01,RIO NOVO DO SUL,violencia_social,5
2025-09-01,SANTA LEOPOLDINA,objetos,1
2025-09-01,SANTA LEOPOLDINA,patrimonial,6
2025-09-01,SANTA MARIA DE JETIBA,objetos,4
2025-09-01,SANTA MARIA DE JETIBA,patrimonial,15
2025-09-01,SANTA MARIA DE JETIBA,violencia_social,25
2025-09-01,SANTA TERESA,digital,2
2025-09-01,SANTA TERESA,patrimonial,15
2025-09-01,SANTA TERESA,violencia_social,5
2025-09-01,SAO DOMINGOS DO NORTE,objetos,1
2025-09-01,SAO DOMINGOS DO NORTE,patrimonial,6
2025-09-01,SAO DOMINGOS DO NORTE,violencia_social,4
2025-09-01,SAO GABRIEL DA PALHA,objetos,3
2025-09-01,SAO GABRIEL DA PALHA,patrimonial,13
2025-09-01,SAO GABRIEL DA PALHA,violencia_social,14
2025-09-01,SAO JOSE DO CALCADO,patrimonial,14
2025-09-01,SAO JOSE DO CALCADO,violencia_social,5
2025-09-01,SAO MATEUS,objetos,12
2025-09-01,SAO MATEUS,patrimonial,40
2025-09-01,SAO MATEUS,violencia_social,64
2025-09-01,SAO ROQUE DO CANAA,patrimonial,9
2025-09-01,SAO ROQUE DO CANAA,violencia_social,2
2025-09-01,SERRA,digital,52
2025-09-01,SERRA,objetos,287
2025-09-01,SERRA,patrimonial,740
2025-09-01,SERRA,violencia_social,183
2025-09-01,SOORETAMA,objetos,5
2025-09-01,SOORETAMA,patrimonial,11
2025-09-01,SOORETAMA,violencia_social,6
2025-09-01,VARGEM ALTA,digital,2
2025-09-01,VARGEM ALTA,objetos,3
2025-09-01,VARGEM ALTA,patrimonial,10
2025-09-01,VARGEM ALTA,violencia_social,8
2025-09-01,VENDA NOVA DO IMIGRANTE,patrimonial,27
2025-09-01,VENDA NOVA DO IMIGRANTE,violencia_social,8
2025-09-01,VIANA,objetos,18
2025-09-01,VIANA,patrimonial,61
2025-09-01,VIANA,violencia_social,36
2025-09-01,VILA PAVAO,objetos,1
2025-09-01,VILA PAVAO,patrimonial,5
2025-09-01,VILA PAVAO,violencia_social,2
2025-09-01,VILA VALERIO,objetos,3
2025-09-01,VILA VALERIO,patrimonial,4
2025-09-01,VILA VALERIO,violencia_social,3
2025-09-01,VILA VELHA,digital,8
2025-09-01,VILA VELHA,objetos,354
2025-09-01,VILA VELHA,patrimonial,919
2025-09-01,VILA VELHA,violencia_social,194
2025-09-01,VITORIA,digital,16
2025-09-01,VITORIA,objetos,277
2025-09-01,VITORIA,patrimonial,770
2025-09-01,VITORIA,violencia_social,95
2025-10-01,AFONSO CLAUDIO,objetos,1
2025-10-01,AFONSO CLAUDIO,patrimonial,13
2025-10-01,AFONSO CLAUDIO,violencia_social,22
2025-10-01,AGUA DOCE DO NORTE,patrimonial,3
2025-10-01,AGUA DOCE DO NORTE,violencia_social,1
2025-10-01,AGUIA BRANCA,patrimonial,4
2025-10-01,AGUIA BRANCA,violencia_social,3
2025-10-01,ALEGRE,objetos,1
2025-10-01,ALEGRE,patrimonial,12
2025-10-01,ALEGRE,violencia_social,15
2025-10-01,ALFREDO CHAVES,objetos,1
2025-10-01,ALFREDO CHAVES,patrimonial,7
2025-10-01,ALFREDO CHAVES,violencia_social,2
2025-10-01,ALTO RIO NOVO,patrimonial,4
2025-10-01,ALTO RIO NOVO,violencia_social,6
2025-10-01,ANCHIETA,digital,7
2025-10-01,ANCHIETA,objetos,6
2025-10-01,ANCHIETA,patrimonial,16
2025-10-01,ANCHIETA,violencia_social,17
2025-10-01,APIACA,patrimonial,4
2025-10-01,APIACA,violencia_social,3
2025-10-01,ARACRUZ,digital,1
2025-10-01,ARACRUZ,objetos,29
2025-10-01,ARACRUZ,patrimonial,96
2025-10-01,ARACRUZ,violencia_social,71
2025-10-01,ATILIO VIVACQUA,objetos,3
2025-10-01,ATILIO VIVACQUA,patrimonial,13
2025-10-01,ATILIO VIVACQUA,violencia_social,1
2025-10-01,BAIXO GUANDU,objetos,9
2025-10-01,BAIXO GUANDU,patrimonial,26
2025-10-01,BAIXO GUANDU,violencia_social,14
2025-10-01,BARRA DE SAO FRANCISCO,objetos,9
2025-10-01,BARRA DE SAO FRANCISCO,patrimonial,39
2025-10-01,BARRA DE SAO FRANCISCO,violencia_social,19
2025-10-01,BOA ESPERANCA,patrimonial,8
2025-10-01,BOA ESPERANCA,violencia_social,12
2025-10-01,BOM JESUS DO NORTE,objetos,1
2025-10-01,BOM JESUS DO NORTE,patrimonial,3
2025-10-01,BOM JESUS DO NORTE,violencia_social,6
2025-10-01,BREJETUBA,objetos,2
2025-10-01,BREJETUBA,patrimonial,3
2025-10-01,BREJETUBA,violencia_social,4
2025-10-01,CACHOEIRO DE ITAPEMIRIM,digital,2
2025-10-01,CACHOEIRO DE ITAPEMIRIM,objetos,28
2025-10-01,CACHOEIRO DE ITAPEMIRIM,patrimonial,177
2025-10-01,CACHOEIRO DE ITAPEMIRIM,violencia_social,84
2025-10-01,CARIACICA,digital,10
2025-10-01,CARIACICA,objetos,332
2025-10-01,CARIACICA,patrimonial,577
2025-10-01,CARIACICA,violencia_social,127
2025-10-01,CASTELO,digital,7
2025-10-01,CASTELO,objetos,7
2025-10-01,CASTELO,patrimonial,43
2025-10-01,CASTELO,violencia_social,22
2025-10-01,COLATINA,digital,25
2025-10-01,COLATINA,objetos,16
2025-10-01,COLATINA,patrimonial,148
2025-10-01,COLATINA,violencia_social,64
2025-10-01,CONCEICAO DA BARRA,digital,6
2025-10-01,CONCEICAO DA BARRA,objetos,10
2025-10-01,CONCEICAO DA BARRA,patrimonial,26
2025-10-01,CONCEICAO DA BARRA,violencia_social,12
2025-10-01,CONCEICAO DO CASTELO,patrimonial,6
2025-10-01,CONCEICAO DO CASTELO,violencia_social,5
2025-10-01,DIVINO DE SAO LOURENCO,violencia_social,1
2025-10-01,DOMINGOS MARTINS,objetos,4
2025-10-01,DOMINGOS MARTINS,patrimonial,13
2025-10-01,DOMINGOS MARTINS,violencia_social,9
2025-10-01,DORES DO RIO PRETO,patrimonial,7
2025-10-01,DORES DO RIO PRETO,violencia_social,5
2025-10-01,ECOPORANGA,patrimonial,5
2025-10-01,ECOPORANGA,violencia_social,11
2025-10-01,FUNDAO,objetos,5
2025-10-01,FUNDAO,patrimonial,16
2025-10-01,FUNDAO,violencia_social,8
2025-10-01,GOVERNADOR LINDENBERG,patrimonial,2
2025-10-01,GOVERNADOR LINDENBERG,violencia_social,3
2025-10-01,GUACUI,objetos,2
2025-10-01,GUACUI,patrimonial,18
2025-10-01,GUACUI,violencia_social,18
2025-10-01,GUARAPARI,objetos,57
2025-10-01,GUARAPARI,patrimonial,222
2025-10-01,GUARAPARI,violencia_social,32
2025-10-01,IBATIBA,objetos,5
2025-10-01,IBATIBA,patrimonial,23
2025-10-01,IBATIBA,violencia_social,8
2025-10-01,IBIRACU,objetos,3
2025-10-01,IBIRACU,patrimonial,5
2025-10-01,IBIRACU,violencia_social,2
2025-10-01,IBITIRAMA,objetos,2
2025-10-01,IBITIRAMA,patrimonial,5
2025-10-01,IBITIRAMA,violencia_social,2
2025-10-01,ICONHA,digital,1
2025-10-01,ICONHA,objetos,1
2025-10-01,ICONHA,patrimonial,7
2025-10-01,ICONHA,violencia_social,5
2025-10-01,IRUPI,objetos,1
2025-10-01,IRUPI,patrimonial,6
2025-10-01,IRUPI,violencia_social,3
2025-10-01,ITAGUACU,objetos,1
2025-10-01,ITAGUACU,patrimonial,9
2025-10-01,ITAGUACU,violencia_social,4
2025-10-01,ITAPEMIRIM,objetos,5
2025-10-01,ITAPEMIRIM,patrimonial,34
2025-10-01,ITAPEMIRIM,violencia_social,22
2025-10-01,ITARANA,patrimonial,3
2025-10-01,ITARANA,violencia_social,3
2025-10-01,IUNA,objetos,1
2025-10-01,IUNA,patrimonial,19
2025-10-01,IUNA,violencia_social,10
2025-10-01,JAGUARE,patrimonial,8
2025-10-01,JAGUARE,violencia_social,2
2025-10-01,JERONIMO MONTEIRO,objetos,2
2025-10-01,JERONIMO MONTEIRO,patrimonial,16
2025-10-01,JERONIMO MONTEIRO,violencia_social,14
2025-10-01,JOAO NEIVA,patrimonial,12
2025-10-01,JOAO NEIVA,violencia_social,3
2025-10-01,LARANJA DA TERRA,patrimonial,1
2025-10-01,LARANJA DA TERRA,violencia_social,1
2025-10-01,LINHARES,objetos,64
2025-10-01,LINHARES,patrimonial,179
2025-10-01,LINHARES,violencia_social,77
2025-10-01,MANTENOPOLIS,digital,3
2025-10-01,MANTENOPOLIS,objetos,1
2025-10-01,MANTENOPOLIS,patrimonial,2
2025-10-01,MANTENOPOLIS,violencia_social,7
2025-10-01,MARATAIZES,objetos,11
2025-10-01,MARATAIZES,patrimonial,51
2025-10-01,MARATAIZES,violencia_social,33
2025-10-01,MARECHAL FLORIANO,objetos,1
2025-10-01,MARECHAL FLORIANO,patrimonial,9
2025-10-01,MARECHAL FLORIANO,violencia_social,2
2025-10-01,MARILANDIA,objetos,4
2025-10-01,MARILANDIA,patrimonial,13
2025-10-01,MARILANDIA,violencia_social,5
2025-10-01,MIMOSO DO SUL,objetos,4
2025-10-01,MIMOSO DO SUL,patrimonial,10
2025-10-01,MIMOSO DO SUL,violencia_social,6
2025-10-01,MONTANHA,digital,1
2025-10-01,MONTANHA,objetos,4
2025-10-01,MONTANHA,patrimonial,9
2025-10-01,MONTANHA,violencia_social,7
2025-10-01,MUCURICI,violencia_social,3
2025-10-01,MUNIZ FREIRE,objetos,6
2025-10-01,MUNIZ FREIRE,patrimonial,14
2025-10-01,MUNIZ FREIRE,violencia_social,3
2025-10-01,MUQUI,objetos,1
2025-10-01,MUQUI,patrimonial,6
2025-10-01,MUQUI,violencia_social,6
2025-10-01,NOVA VENECIA,objetos,10
2025-10-01,NOVA VENECIA,patrimonial,45
2025-10-01,NOVA VENECIA,violencia_social,38
2025-10-01,PANCAS,digital,3
2025-10-01,PANCAS,objetos,3
2025-10-01,PANCAS,patrimonial,12
2025-10-01,PANCAS,violencia_social,5
2025-10-01,PEDRO CANARIO,objetos,1
2025-10-01,PEDRO CANARIO,patrimonial,9
2025-10-01,PEDRO CANARIO,violencia_social,5
2025-10-01,PINHEIROS,digital,2
2025-10-01,PINHEIROS,objetos,4
2025-10-01,PINHEIROS,patrimonial,16
2025-10-01,PINHEIROS,violencia_social,9
2025-10-01,PIUMA,objetos,4
2025-10-01,PIUMA,patrimonial,24
2025-10-01,PIUMA,violencia_social,17
2025-10-01,PONTO BELO,patrimonial,4
2025-10-01,PRESIDENTE KENNEDY,objetos,2
2025-10-01,PRESIDENTE KENNEDY,patrimonial,4
2025-10-01,PRESIDENTE KENNEDY,violencia_social,11
2025-10-01,RIO BANANAL,objetos,1
2025-10-01,RIO BANANAL,patrimonial,7
2025-10-01,RIO BANANAL,violencia_social,5
2025-10-01,RIO NOVO DO SUL,patrimonial,5
2025-10-01,RIO NOVO DO SUL,violencia_social,4
2025-10-01,SANTA LEOPOLDINA,objetos,1
2025-10-01,SANTA LEOPOLDINA,patrimonial,7
2025-10-01,SANTA LEOPOLDINA,violencia_social,5
2025-10-01,SANTA MARIA DE JETIBA,patrimonial,17
2025-10-01,SANTA MARIA DE JETIBA,violencia_social,16
2025-10-01,SANTA TERESA,digital,1
2025-10-01,SANTA TERESA,patrimonial,16
2025-10-01,SANTA TERESA,violencia_social,8
2025-10-01,SAO DOMINGOS DO NORTE,patrimonial,5
2025-10-01,SAO DOMINGOS DO NORTE,violencia_social,4
2025-10-01,SAO GABRIEL DA PALHA,objetos,8
2025-10-01,SAO GABRIEL DA PALHA,patrimonial,21
2025-10-01,SAO GABRIEL DA PALHA,violencia_social,19
2025-10-01,SAO JOSE DO CALCADO,objetos,1
2025-10-01,SAO JOSE DO CALCADO,patrimonial,10
2025-10-01,SAO JOSE DO CALCADO,violencia_social,7
2025-10-01,SAO MATEUS,digital,1
2025-10-01,SAO MATEUS,objetos,18
2025-10-01,SAO MATEUS,patrimonial,33
2025-10-01,SAO MATEUS,violencia_social,36
2025-10-01,SAO ROQUE DO CANAA,digital,1
2025-10-01,SAO ROQUE DO CANAA,objetos,2
2025-10-01,SAO ROQUE DO CANAA,patrimonial,4
2025-10-01,SAO ROQUE DO CANAA,violencia_social,3
2025-10-01,SERRA,digital,72
2025-10-01,SERRA,objetos,303
2025-10-01,SERRA,patrimonial,804
2025-10-01,SERRA,violencia_social,193
2025-10-01,SOORETAMA,objetos,6
2025-10-01,SOORETAMA,patrimonial,13
2025-10-01,SOORETAMA,violencia_social,9
2025-10-01,VARGEM ALTA,digital,3
2025-10-01,VARGEM ALTA,objetos,1
2025-10-01,VARGEM ALTA,patrimonial,15
2025-10-01,VARGEM ALTA,violencia_social,2
2025-10-01,VENDA NOVA DO IMIGRANTE,objetos,1
2025-10-01,VENDA NOVA DO IMIGRANTE,patrimonial,23
2025-10-01,VENDA NOVA DO IMIGRANTE,violencia_social,8
2025-10-01,VIANA,objetos,9
2025-10-01,VIANA,patrimonial,52
2025-10-01,VIANA,violencia_social,27
2025-10-01,VILA PAVAO,objetos,1
2025-10-01,VILA PAVAO,patrimonial,6
2025-10-01,VILA PAVAO,violencia_social,3
2025-10-01,VILA VALERIO,patrimonial,1
2025-10-01,VILA VALERIO,violencia_social,5
2025-10-01,VILA VELHA,digital,6
2025-10-01,VILA VELHA,objetos,387
2025-10-01,VILA VELHA,patrimonial,1021
2025-10-01,VILA VELHA,violencia_social,209
2025-10-01,VITORIA,digital,30
2025-10-01,VITORIA,objetos,248
2025-10-01,VITORIA,patrimonial,856
2025-10-01,VITORIA,violencia_social,99
2025-11-01,AFONSO CLAUDIO,patrimonial,4
2025-11-01,AFONSO CLAUDIO,violencia_social,8
2025-11-01,AGUA DOCE DO NORTE,patrimonial,2
2025-11-01,AGUIA BRANCA,patrimonial,2
2025-11-01,ALEGRE,patrimonial,6
2025-11-01,ALEGRE,violencia_social,7
2025-11-01,ALFREDO CHAVES,digital,2
2025-11-01,ALFREDO CHAVES,objetos,2
2025-11-01,ALFREDO CHAVES,patrimonial,4
2025-11-01,ALFREDO CHAVES,violencia_social,1
2025-11-01,ALTO RIO NOVO,patrimonial,1
2025-11-01,ALTO RIO NOVO,violencia_social,2
2025-11-01,ANCHIETA,digital,3
2025-11-01,ANCHIETA,objetos,2
2025-11-01,ANCHIETA,patrimonial,15
2025-11-01,ANCHIETA,violencia_social,6
2025-11-01,APIACA,violencia_social,1
2025-11-01,ARACRUZ,objetos,11
2025-11-01,ARACRUZ,patrimonial,27
2025-11-01,ARACRUZ,violencia_social,21
2025-11-01,ATILIO VIVACQUA,objetos,1
2025-11-01,ATILIO VIVACQUA,patrimonial,1
2025-11-01,ATILIO VIVACQUA,violencia_social,1
2025-11-01,BAIXO GUANDU,patrimonial,11
2025-11-01,BAIXO GUANDU,violencia_social,6
2025-11-01,BARRA DE SAO FRANCISCO,digital,4
2025-11-01,BARRA DE SAO FRANCISCO,objetos,1
2025-11-01,BARRA DE SAO FRANCISCO,patrimonial,12
2025-11-01,BARRA DE SAO FRANCISCO,violencia_social,11
2025-11-01,BOA ESPERANCA,patrimonial,1
2025-11-01,BOA ESPERANCA,violencia_social,3
2025-11-01,BOM JESUS DO NORTE,objetos,3
2025-11-01,BOM JESUS DO NORTE,violencia_social,2
2025-11-01,BREJETUBA,patrimonial,1
2025-11-01,BREJETUBA,violencia_social,2
2025-11-01,CACHOEIRO DE ITAPEMIRIM,objetos,5
2025-11-01,CACHOEIRO DE ITAPEMIRIM,patrimonial,65
2025-11-01,CACHOEIRO DE ITAPEMIRIM,violencia_social,39
2025-11-01,CARIACICA,digital,7
2025-11-01,CARIACICA,objetos,105
2025-11-01,CARIACICA,patrimonial,203
2025-11-01,CARIACICA,violencia_social,52
2025-11-01,CASTELO,digital,1
2025-11-01,CASTELO,objetos,1
2025-11-01,CASTELO,patrimonial,11
2025-11-01,CASTELO,violencia_social,10
2025-11-01,COLATINA,digital,4
2025-11-01,COLATINA,objetos,8
2025-11-01,COLATINA,patrimonial,34
2025-11-01,COLATINA,violencia_social,25
2025-11-01,CONCEICAO DA BARRA,digital,5
2025-11-01,CONCEICAO DA BARRA,objetos,4
2025-11-01,CONCEICAO DA BARRA,patrimonial,8
2025-11-01,CONCEICAO DA BARRA,violencia_social,4
2025-11-01,CONCEICAO DO CASTELO,patrimonial,2
2025-11-01,DOMINGOS MARTINS,patrimonial,5
2025-11-01,DOMINGOS MARTINS,violencia_social,2
2025-11-01,DORES DO RIO PRETO,violencia_social,2
2025-11-01,ECOPORANGA,patrimonial,1
2025-11-01,ECOPORANGA,violencia_social,4
2025-11-01,FUNDAO,objetos,1
2025-11-01,FUNDAO,patrimonial,5
2025-11-01,FUNDAO,violencia_social,3
2025-11-01,GOVERNADOR LINDENBERG,patrimonial,1
2025-11-01,GOVERNADOR LINDENBERG,violencia_social,3
2025-11-01,GUACUI,patrimonial,6
2025-11-01,GUACUI,violencia_social,2
2025-11-01,GUARAPARI,objetos,79
2025-11-01,GUARAPARI,patrimonial,81
2025-11-01,GUARAPARI,violencia_social,13
2025-11-01,IBATIBA,patrimonial,8
2025-11-01,IBATIBA,violencia_social,4
2025-11-01,IBIRACU,patrimonial,4
2025-11-01,IBIRACU,violencia_social,1
2025-11-01,ICONHA,objetos,1
2025-11-01,ICONHA,patrimonial,1
2025-11-01,IRUPI,patrimonial,3
2025-11-01,ITAGUACU,patrimonial,2
2025-11-01,ITAGUACU,violencia_social,4
2025-11-01,ITAPEMIRIM,objetos,2
2025-11-01,ITAPEMIRIM,patrimonial,11
2025-11-01,ITAPEMIRIM,violencia_social,10
2025-11-01,ITARANA,objetos,2
2025-11-01,ITARANA,patrimonial,1
2025-11-01,IUNA,objetos,2
2025-11-01,IUNA,patrimonial,9
2025-11-01,IUNA,violencia_social,5
2025-11-01,JAGUARE,patrimonial,4
2025-11-01,JAGUARE,violencia_social,5
2025-11-01,JERONIMO MONTEIRO,objetos,1
2025-11-01,JERONIMO MONTEIRO,patrimonial,6
2025-11-01,JERONIMO MONTEIRO,violencia_social,3
2025-11-01,JOAO NEIVA,patrimonial,3
2025-11-01,LINHARES,digital,1
2025-11-01,LINHARES,objetos,22
2025-11-01,LINHARES,patrimonial,64
2025-11-01,LINHARES,violencia_social,28
2025-11-01,MANTENOPOLIS,digital,2
2025-11-01,MANTENOPOLIS,patrimonial,3
2025-11-01,MARATAIZES,objetos,11
2025-11-01,MARATAIZES,patrimonial,24
2025-11-01,MARATAIZES,violencia_social,7
2025-11-01,MARECHAL FLORIANO,objetos,1
2025-11-01,MARECHAL FLORIANO,patrimonial,4
2025-11-01,MARILANDIA,patrimonial,5
2025-11-01,MARILANDIA,violencia_social,2
2025-11-01,MIMOSO DO SUL,objetos,1
2025-11-01,MIMOSO DO SUL,patrimonial,5
2025-11-01,MIMOSO DO SUL,violencia_social,1
2025-11-01,MONTANHA,objetos,1
2025-11-01,MONTANHA,patrimonial,2
2025-11-01,MONTANHA,violencia_social,3
2025-11-01,MUCURICI,patrimonial,1
2025-11-01,MUNIZ FREIRE,patrimonial,3
2025-11-01,MUNIZ FREIRE,violencia_social,1
2025-11-01,MUQUI,objetos,1
2025-11-01,MUQUI,patrimonial,2
2025-11-01,MUQUI,violencia_social,1
2025-11-01,NOVA VENECIA,objetos,1
2025-11-01,NOVA VENECIA,patrimonial,20
2025-11-01,NOVA VENECIA,violencia_social,12
2025-11-01,PANCAS,objetos,1
2025-11-01,PANCAS,patrimonial,5
2025-11-01,PANCAS,violencia_social,2
2025-11-01,PEDRO CANARIO,objetos,1
2025-11-01,PEDRO CANARIO,patrimonial,3
2025-11-01,PEDRO CANARIO,violencia_social,2
2025-11-01,PINHEIROS,objetos,1
2025-11-01,PINHEIROS,patrimonial,1
2025-11-01,PINHEIROS,violencia_social,2
2025-11-01,PIUMA,digital,3
2025-11-01,PIUMA,patrimonial,11
2025-11-01,PIUMA,violencia_social,8
2025-11-01,PONTO BELO,patrimonial,1
2025-11-01,PONTO BELO,violencia_social,3
2025-11-01,PRESIDENTE KENNEDY,patrimonial,2
2025-11-01,PRESIDENTE KENNEDY,violencia_social,2
2025-11-01,RIO BANANAL,objetos,1
2025-11-01,RIO BANANAL,patrimonial,1
2025-11-01,RIO BANANAL,violencia_social,4
2025-11-01,RIO NOVO DO SUL,patrimonial,3
2025-11-01,RIO NOVO DO SUL,violencia_social,3
2025-11-01,SANTA LEOPOLDINA,objetos,1
2025-11-01,SANTA LEOPOLDINA,patrimonial,5
2025-11-01,SANTA LEOPOLDINA,violencia_social,4
2025-11-01,SANTA MARIA DE JETIBA,objetos,2
2025-11-01,SANTA MARIA DE JETIBA,patrimonial,6
2025-11-01,SANTA MARIA DE JETIBA,violencia_social,7
2025-11-01,SANTA TERESA,objetos,1
2025-11-01,SANTA TERESA,patrimonial,8
2025-11-01,SANTA TERESA,violencia_social,1
2025-11-01,SAO DOMINGOS DO NORTE,objetos,2
2025-11-01,SAO DOMINGOS DO NORTE,violencia_social,1
2025-11-01,SAO GABRIEL DA PALHA,objetos,2
2025-11-01,SAO GABRIEL DA PALHA,patrimonial,7
2025-11-01,SAO GABRIEL DA PALHA,violencia_social,5
2025-11-01,SAO JOSE DO CALCADO,patrimonial,6
2025-11-01,SAO JOSE DO CALCADO,violencia_social,2
2025-11-01,SAO MATEUS,objetos,10
2025-11-01,SAO MATEUS,patrimonial,25
2025-11-01,SAO MATEUS,violencia_social,9
2025-11-01,SAO ROQUE DO CANAA,patrimonial,2
2025-11-01,SAO ROQUE DO CANAA,violencia_social,1
2025-11-01,SERRA,digital,10
2025-11-01,SERRA,objetos,100
2025-11-01,SERRA,patrimonial,268
2025-11-01,SERRA,violencia_social,90
2025-11-01,SOORETAMA,objetos,2
2025-11-01,SOORETAMA,patrimonial,4
2025-11-01,SOORETAMA,violencia_social,3
2025-11-01,VARGEM ALTA,objetos,2
2025-11-01,VARGEM ALTA,patrimonial,4
2025-11-01,VARGEM ALTA,violencia_social,3
2025-11-01,VENDA NOVA DO IMIGRANTE,patrimonial,3
2025-11-01,VENDA NOVA DO IMIGRANTE,violencia_social,3
2025-11-01,VIANA,objetos,4
2025-11-01,VIANA,patrimonial,13
2025-11-01,VIANA,violencia_social,10
2025-11-01,VILA PAVAO,objetos,2
2025-11-01,VILA PAVAO,patrimonial,4
2025-11-01,VILA VELHA,digital,1
2025-11-01,VILA VELHA,objetos,109
2025-11-01,VILA VELHA,patrimonial,342
2025-11-01,VILA VELHA,violencia_social,69
2025-11-01,VITORIA,digital,12
2025-11-01,VITORIA,objetos,77
2025-11-01,VITORIA,patrimonial,308
2025-11-01,VITORIA,violencia_social,48
2025-12-01,AFONSO CLAUDIO,patrimonial,4
2025-12-01,AFONSO CLAUDIO,violencia_social,5
2025-12-01,AGUA DOCE DO NORTE,violencia_social,1
2025-12-01,ALEGRE,objetos,2
2025-12-01,ALEGRE,patrimonial,11
2025-12-01,ALEGRE,violencia_social,6
2025-12-01,ALFREDO CHAVES,patrimonial,2
2025-12-01,ALFREDO CHAVES,violencia_social,2
2025-12-01,ALTO RIO NOVO,patrimonial,1
2025-12-01,ANCHIETA,digital,4
2025-12-01,ANCHIETA,objetos,3
2025-12-01,ANCHIETA,patrimonial,17
2025-12-01,ANCHIETA,violencia_social,2
2025-12-01,APIACA,patrimonial,2
2025-12-01,APIACA,violencia_social,1
2025-12-01,ARACRUZ,digital,4
2025-12-01,ARACRUZ,objetos,7
2025-12-01,ARACRUZ,patrimonial,33
2025-12-01,ARACRUZ,violencia_social,27
2025-12-01,ATILIO VIVACQUA,objetos,1
2025-12-01,ATILIO VIVACQUA,patrimonial,3
2025-12-01,BAIXO GUANDU,objetos,1
2025-12-01,BAIXO GUANDU,patrimonial,7
2025-12-01,BAIXO GUANDU,violencia_social,3
2025-12-01,BARRA DE SAO FRANCISCO,objetos,3
2025-12-01,BARRA DE SAO FRANCISCO,patrimonial,12
2025-12-01,BARRA DE SAO FRANCISCO,violencia_social,12
2025-12-01,BOA ESPERANCA,patrimonial,2
2025-12-01,BOA ESPERANCA,violencia_social,3
2025-12-01,BREJETUBA,objetos,1
2025-12-01,BREJETUBA,patrimonial,3
2025-12-01,BREJETUBA,violencia_social,1
2025-12-01,CACHOEIRO DE ITAPEMIRIM,objetos,9
2025-12-01,CACHOEIRO DE ITAPEMIRIM,patrimonial,63
2025-12-01,CACHOEIRO DE ITAPEMIRIM,violencia_social,34
2025-12-01,CARIACICA,digital,2
2025-12-01,CARIACICA,objetos,88
2025-12-01,CARIACICA,patrimonial,164
2025-12-01,CARIACICA,violencia_social,45
2025-12-01,CASTELO,digital,1
2025-12-01,CASTELO,objetos,3
2025-12-01,CASTELO,patrimonial,11
2025-12-01,CASTELO,violencia_social,7
2025-12-01,COLATINA,digital,5
2025-12-01,COLATINA,objetos,5
2025-12-01,COLATINA,patrimonial,37
2025-12-01,COLATINA,violencia_social,39
2025-12-01,CONCEICAO DA BARRA,digital,1
2025-12-01,CONCEICAO DA BARRA,objetos,3
2025-12-01,CONCEICAO DA BARRA,patrimonial,7
2025-12-01,CONCEICAO DA BARRA,violencia_social,6
2025-12-01,CONCEICAO DO CASTELO,patrimonial,1
2025-12-01,CONCEICAO DO CASTELO,violencia_social,4
2025-12-01,DOMINGOS MARTINS,patrimonial,2
2025-12-01,DOMINGOS MARTINS,violencia_social,2
2025-12-01,DORES DO RIO PRETO,patrimonial,1
2025-12-01,DORES DO RIO PRETO,violencia_social,2
2025-12-01,ECOPORANGA,digital,1
2025-12-01,ECOPORANGA,patrimonial,2
2025-12-01,FUNDAO,objetos,1
2025-12-01,FUNDAO,patrimonial,5
2025-12-01,FUNDAO,violencia_social,3
2025-12-01,GOVERNADOR LINDENBERG,patrimonial,1
2025-12-01,GUACUI,patrimonial,3
2025-12-01,GUACUI,violencia_social,5
2025-12-01,GUARAPARI,objetos,29
2025-12-01,GUARAPARI,patrimonial,64
2025-12-01,GUARAPARI,violencia_social,15
2025-12-01,IBATIBA,patrimonial,5
2025-12-01,IBATIBA,violencia_social,2
2025-12-01,IBIRACU,objetos,2
2025-12-01,IBIRACU,patrimonial,2
2025-12-01,IBIRACU,violencia_social,4
2025-12-01,IBITIRAMA,violencia_social,1
2025-12-01,ICONHA,digital,1
2025-12-01,ICONHA,patrimonial,1
2025-12-01,ICONHA,violencia_social,2
2025-12-01,IRUPI,objetos,1
2025-12-01,IRUPI,patrimonial,2
2025-12-01,IRUPI,violencia_social,4
2025-12-01,ITAGUACU,objetos,1
2025-12-01,ITAGUACU,patrimonial,1
2025-12-01,ITAGUACU,violencia_social,1
2025-12-01,ITAPEMIRIM,objetos,2
2025-12-01,ITAPEMIRIM,patrimonial,13
2025-12-01,ITAPEMIRIM,violencia_social,12
2025-12-01,ITARANA,patrimonial,1
2025-12-01,IUNA,objetos,1
2025-12-01,IUNA,patrimonial,4
2025-12-01,IUNA,violencia_social,3
2025-12-01,JAGUARE,objetos,2
2025-12-01,JAGUARE,patrimonial,1
2025-12-01,JAGUARE,violencia_social,6
2025-12-01,JERONIMO MONTEIRO,patrimonial,2
2025-12-01,JERONIMO MONTEIRO,violencia_social,2
2025-12-01,JOAO NEIVA,patrimonial,1
2025-12-01,JOAO NEIVA,violencia_social,4
2025-12-01,LINHARES,objetos,19
2025-12-01,LINHARES,patrimonial,47
2025-12-01,LINHARES,violencia_social,28
2025-12-01,MANTENOPOLIS,digital,1
2025-12-01,MANTENOPOLIS,patrimonial,1
2025-12-01,MANTENOPOLIS,violencia_social,5
2025-12-01,MARATAIZES,objetos,3
2025-12-01,MARATAIZES,patrimonial,16
2025-12-01,MARATAIZES,violencia_social,7
2025-12-01,MARECHAL FLORIANO,patrimonial,3
2025-12-01,MARECHAL FLORIANO,violencia_social,2
2025-12-01,MARILANDIA,patrimonial,2
2025-12-01,MARILANDIA,violencia_social,1
2025-12-01,MIMOSO DO SUL,objetos,2
2025-12-01,MIMOSO DO SUL,patrimonial,6
2025-12-01,MIMOSO DO SUL,violencia_social,5
2025-12-01,MONTANHA,objetos,1
2025-12-01,MONTANHA,patrimonial,2
2025-12-01,MONTANHA,violencia_social,1
2025-12-01,MUCURICI,patrimonial,1
2025-12-01,MUCURICI,violencia_social,2
2025-12-01,MUNIZ FREIRE,patrimonial,3
2025-12-01,MUQUI,patrimonial,2
2025-12-01,MUQUI,violencia_social,2
2025-12-01,NOVA VENECIA,digital,1
2025-12-01,NOVA VENECIA,objetos,2
2025-12-01,NOVA VENECIA,patrimonial,10
2025-12-01,NOVA VENECIA,violencia_social,7
2025-12-01,PANCAS,objetos,1
2025-12-01,PANCAS,patrimonial,2
2025-12-01,PANCAS,violencia_social,3
2025-12-01,PEDRO CANARIO,patrimonial,3
2025-12-01,PINHEIROS,digital,1
2025-12-01,PINHEIROS,objetos,1
2025-12-01,PINHEIROS,patrimonial,5
2025-12-01,PINHEIROS,violencia_social,6
2025-12-01,PIUMA,objetos,2
2025-12-01,PIUMA,patrimonial,11
2025-12-01,PIUMA,violencia_social,6
2025-12-01,PRESIDENTE KENNEDY,patrimonial,4
2025-12-01,PRESIDENTE KENNEDY,violencia_social,3
2025-12-01,RIO BANANAL,patrimonial,1
2025-12-01,RIO BANANAL,violencia_social,4
2025-12-01,RIO NOVO DO SUL,objetos,2
2025-12-01,RIO NOVO DO SUL,patrimonial,2
2025-12-01,RIO NOVO DO SUL,violencia_social,1
2025-12-01,SANTA LEOPOLDINA,objetos,1
2025-12-01,SANTA LEOPOLDINA,patrimonial,2
2025-12-01,SANTA LEOPOLDINA,violencia_social,2
2025-12-01,SANTA MARIA DE JETIBA,objetos,1
2025-12-01,SANTA MARIA DE JETIBA,patrimonial,8
2025-12-01,SANTA MARIA DE JETIBA,violencia_social,4
2025-12-01,SANTA TERESA,digital,1
2025-12-01,SANTA TERESA,objetos,1
2025-12-01,SANTA TERESA,patrimonial,4
2025-12-01,SANTA TERESA,violencia_social,4
2025-12-01,SAO DOMINGOS DO NORTE,patrimonial,1
2025-12-01,SAO DOMINGOS DO NORTE,violencia_social,2
2025-12-01,SAO GABRIEL DA PALHA,objetos,4
2025-12-01,SAO GABRIEL DA PALHA,patrimonial,6
2025-12-01,SAO GABRIEL DA PALHA,violencia_social,9
2025-12-01,SAO JOSE DO CALCADO,objetos,2
2025-12-01,SAO JOSE DO CALCADO,violencia_social,7
2025-12-01,SAO MATEUS,objetos,6
2025-12-01,SAO MATEUS,patrimonial,10
2025-12-01,SAO MATEUS,violencia_social,24
2025-12-01,SAO ROQUE DO CANAA,patrimonial,2
2025-12-01,SAO ROQUE DO CANAA,violencia_social,3
2025-12-01,SERRA,digital,17
2025-12-01,SERRA,objetos,107
2025-12-01,SERRA,patrimonial,259
2025-12-01,SERRA,violencia_social,80
2025-12-01,SOORETAMA,objetos,2
2025-12-01,SOORETAMA,patrimonial,1
2025-12-01,SOORETAMA,violencia_social,4
2025-12-01,VARGEM ALTA,patrimonial,3
2025-12-01,VARGEM ALTA,violencia_social,1
2025-12-01,VENDA NOVA DO IMIGRANTE,objetos,3
2025-12-01,VENDA NOVA DO IMIGRANTE,patrimonial,11
2025-12-01,VENDA NOVA DO IMIGRANTE,violencia_social,2
2025-12-01,VIANA,digital,1
2025-12-01,VIANA,objetos,4
2025-12-01,VIANA,patrimonial,24
2025-12-01,VIANA,violencia_social,7
2025-12-01,VILA PAVAO,patrimonial,1
2025-12-01,VILA PAVAO,violencia_social,3
2025-12-01,VILA VALERIO,patrimonial,1
2025-12-01,VILA VELHA,digital,8
2025-12-01,VILA VELHA,objetos,142
2025-12-01,VILA VELHA,patrimonial,316
2025-12-01,VILA VELHA,violencia_social,65
2025-12-01,VITORIA,digital,18
2025-12-01,VITORIA,objetos,90
2025-12-01,VITORIA,patrimonial,243
2025-12-01,VITORIA,violencia_social,47
